cell_id,unaligned,aligned_unmapped,mapped_to_exon,mapped_to_intron,ambiguous_mapping,mapped_to_ERCC,mapped_to_MT
CELL_00001,236124,9093,581645,99346,21662,0,33848
CELL_00002,202054,6468,615466,58684,22869,0,20459
CELL_00003,196761,10934,585284,64990,22029,0,19460
CELL_00004,197477,9920,565600,79194,21327,0,14085
CELL_00005,182294,8822,482943,87639,18133,0,20173
CELL_00006,175281,6223,488609,69118,18596,0,12499
CELL_00007,141410,7150,389894,113779,10853,0,12320
CELL_00008,140937,6579,383261,73912,13844,0,21710
CELL_00009,125402,6777,352266,72930,12332,0,8770
CELL_00010,130856,6775,318633,82994,11934,0,20215
CELL_00011,100968,5413,342104,49991,10673,0,13089
CELL_00012,115355,6039,280434,64806,10375,0,12789
CELL_00013,120920,2233,318563,24375,2538,0,1344
CELL_00014,105437,4692,298376,46810,12273,0,9111
CELL_00015,106687,1762,339655,4210,13163,0,32
CELL_00016,101806,1952,333102,4384,13449,0,4
CELL_00017,131028,3137,284756,31481,3856,0,3106
CELL_00018,98449,3301,313679,30664,7634,0,4216
CELL_00019,108708,4131,267838,54685,9653,0,9955
CELL_00020,95338,3554,285686,34777,10495,0,8071
CELL_00021,77726,2878,253265,28046,1832,0,1429
CELL_00022,62413,2594,277535,17365,2979,0,2419
CELL_00023,80262,4820,219420,50734,7107,0,8729
CELL_00024,81273,2741,233300,35395,7570,0,8347
CELL_00025,78983,5307,205745,57533,7981,0,4603
CELL_00026,83243,4553,227164,36005,2999,0,2752
CELL_00027,81237,2843,248733,20067,2459,0,2863
CELL_00028,84921,6671,176455,68059,6153,0,16356
CELL_00029,85280,3909,188866,54103,6229,0,5424
CELL_00030,77312,4861,187726,60371,5259,0,4623
CELL_00031,75041,1976,237517,8132,8974,0,5
CELL_00032,81567,2062,208390,30363,1940,0,1562
CELL_00033,70951,3952,192237,45501,7199,0,4705
CELL_00034,74994,5514,166362,67598,4593,0,4737
CELL_00035,79759,4244,185181,38940,5333,0,4513
CELL_00036,70011,2916,198927,35077,5277,0,4078
CELL_00037,62202,1455,216616,16401,2691,0,1515
CELL_00038,71350,3311,177454,36827,5797,0,5954
CELL_00039,62404,3734,180045,39618,6262,0,10291
CELL_00040,64557,3759,173008,42992,5213,0,4084
CELL_00041,58055,3769,189738,29502,5864,0,6878
CELL_00042,74737,3105,174579,26836,5529,0,3458
CELL_00043,67562,3319,165487,42664,4539,0,2940
CELL_00044,64890,2887,161643,36921,5389,0,7789
CELL_00045,59270,4811,143152,58508,5244,0,5673
CELL_00046,65947,6958,130913,62498,4026,0,4393
CELL_00047,65689,2544,174074,21439,2281,0,1841
CELL_00048,58423,3786,151884,44290,5451,0,6162
CELL_00049,60210,2756,154457,39825,4828,0,5746
CELL_00050,60223,3732,127008,63771,3208,0,6541
CELL_00051,60005,3595,145312,39548,3740,0,4658
CELL_00052,49887,4029,158661,36757,2737,0,4155
CELL_00053,60481,6123,124330,54229,3302,0,3064
CELL_00054,60171,3237,132490,46576,3542,0,6928
CELL_00055,56829,2963,146459,35686,4159,0,4906
CELL_00056,61139,3232,135521,39225,3939,0,6298
CELL_00057,57840,5518,132600,41149,4604,0,11173
CELL_00058,56278,4116,122792,52895,3605,0,2740
CELL_00059,47225,2583,164812,19655,1534,0,1289
CELL_00060,57359,2548,134883,36274,3915,0,4636
CELL_00061,46568,4778,138953,40106,4396,0,2492
CELL_00062,53669,4128,131079,39853,3824,0,4249
CELL_00063,51403,3869,124495,46002,4450,0,3258
CELL_00064,51387,2567,137032,32162,5223,0,3111
CELL_00065,51501,5855,119620,44755,4299,0,2798
CELL_00066,51661,5009,116687,46779,4007,0,2739
CELL_00067,50638,3193,131970,33304,4120,0,5081
CELL_00068,51543,3408,124523,37476,4016,0,3056
CELL_00069,55270,3124,125410,32065,4206,0,3351
CELL_00070,50095,2084,124243,38113,4849,0,3485
CELL_00071,57167,1958,125997,29456,3688,0,3823
CELL_00072,51873,3448,121415,36099,3929,0,3846
CELL_00073,53210,4170,116758,37809,4100,0,2895
CELL_00074,51558,2703,128743,28418,3839,0,5268
CELL_00075,46973,2739,121216,39851,4340,0,2849
CELL_00076,41612,2204,148832,17504,1254,0,2250
CELL_00077,48250,1865,137025,21988,1854,0,786
CELL_00078,49474,4240,122964,30128,3808,0,3100
CELL_00079,45345,4497,109289,48646,3671,0,2126
CELL_00080,47467,3146,105797,49275,4079,0,3349
CELL_00081,52439,2413,119147,28448,3671,0,3914
CELL_00082,45606,2345,121704,32521,4172,0,5042
CELL_00083,48795,3164,110224,39461,3823,0,2971
CELL_00084,50138,2139,111859,37875,3684,0,6113
CELL_00085,43571,2214,135656,16118,4619,0,4130
CELL_00086,44461,3341,113415,36748,3589,0,3589
CELL_00087,46681,2660,111302,34441,3707,0,3405
CELL_00088,42722,2261,122799,26908,4242,0,2838
CELL_00089,42092,3250,125649,24705,1529,0,2188
CELL_00090,43856,2651,111251,35784,3280,0,4775
CELL_00091,51933,2336,107962,29321,3128,0,3549
CELL_00092,48105,3843,98042,40699,2741,0,2479
CELL_00093,43911,2823,103374,38070,3970,0,2748
CELL_00094,45768,2256,109279,31353,3183,0,2718
CELL_00095,43923,2855,110935,28470,3813,0,3833
CELL_00096,45427,2338,111546,28681,1855,0,1759
CELL_00097,45485,4770,86049,47853,2241,0,2651
CELL_00098,42616,2396,106905,29796,3589,0,2332
CELL_00099,40815,4197,95406,40112,2937,0,2349
CELL_00100,39833,3199,99660,35263,3370,0,2074
CELL_00101,42206,2327,101738,31546,2949,0,3150
CELL_00102,45160,1904,108182,20915,3664,0,2532
CELL_00103,43300,2391,98205,32555,3662,0,8641
CELL_00104,45718,3238,85241,39884,2638,0,3090
CELL_00105,39006,3450,95914,33964,3337,0,2326
CELL_00106,36101,2487,107372,25614,4037,0,2677
CELL_00107,38968,715,127171,1952,5372,0,6
CELL_00108,46741,1790,109755,13909,1854,0,1377
CELL_00109,44383,2685,90135,33739,2937,0,1690
CELL_00110,40401,3055,90331,36714,3442,0,2335
CELL_00111,38753,3661,94875,32817,3282,0,3627
CELL_00112,34923,2032,102567,26986,1824,0,2245
CELL_00113,38651,1979,91497,32667,3561,0,2209
CELL_00114,40999,2584,88522,33547,2356,0,3540
CELL_00115,39567,2559,93781,28712,3097,0,2498
CELL_00116,36318,1820,88101,35272,3653,0,2847
CELL_00117,36053,3003,98181,23903,3235,0,2077
CELL_00118,32365,4403,100185,24770,3307,0,2056
CELL_00119,38480,2733,86167,32897,3111,0,3657
CELL_00120,42693,2049,85730,29593,2963,0,3663
CELL_00121,41222,2643,74564,40100,2203,0,3279
CELL_00122,40470,2935,82270,32186,2159,0,2206
CELL_00123,39574,1560,96164,17766,2310,0,2060
CELL_00124,38666,2744,77043,34791,2233,0,2442
CELL_00125,42145,1802,87993,19826,2450,0,2606
CELL_00126,36946,1977,89964,21553,2352,0,3096
CELL_00127,34744,1657,80463,28830,3370,0,2279
CELL_00128,34103,2201,85831,23773,2499,0,3061
CELL_00129,34116,3067,59068,52503,1432,0,5800
CELL_00130,35937,1899,77422,31276,2469,0,4004
CELL_00131,38265,2966,72757,32519,1858,0,2240
CELL_00132,34037,3273,77119,30025,2161,0,2228
CELL_00133,33298,1853,79431,28218,2685,0,2258
CELL_00134,37549,1946,79669,25104,2146,0,2991
CELL_00135,35367,3578,64525,40065,1940,0,3046
CELL_00136,35054,2551,71619,32911,2512,0,2550
CELL_00137,36961,3283,73656,29443,1995,0,2668
CELL_00138,35521,2717,70981,33017,1876,0,3884
CELL_00139,35389,2994,77086,26191,2311,0,6287
CELL_00140,40305,2101,78918,20985,1539,0,1595
CELL_00141,36491,2241,74305,28804,1945,0,2309
CELL_00142,36234,3100,73726,27368,2472,0,2965
CELL_00143,34523,1965,71252,33135,1977,0,6397
CELL_00144,35868,1644,81653,20241,2277,0,2311
CELL_00145,37476,1273,82214,18384,2343,0,3418
CELL_00146,36000,1750,82749,19958,2376,0,3472
CELL_00147,36445,1730,75664,24979,2302,0,2921
CELL_00148,35197,1915,79247,20710,2826,0,2294
CELL_00149,32426,3083,71022,30727,2445,0,2483
CELL_00150,34474,2938,70564,31322,2078,0,3390
CELL_00151,35147,1656,76823,22000,2146,0,2643
CELL_00152,35744,2369,72066,26622,1941,0,2341
CELL_00153,35283,2214,75730,23836,1953,0,2900
CELL_00154,31702,2456,76243,25380,2936,0,1504
CELL_00155,36551,1840,73646,23992,2206,0,2950
CELL_00156,32794,3318,58925,42076,1489,0,3941
CELL_00157,34397,2734,66802,33231,1995,0,2586
CELL_00158,30799,1782,72986,30237,2162,0,1351
CELL_00159,34194,2716,68023,30653,2004,0,1684
CELL_00160,35502,2086,74523,22571,1980,0,1794
CELL_00161,35318,3290,61507,34493,1690,0,2381
CELL_00162,30144,2491,73772,26744,2336,0,1589
CELL_00163,33452,2591,67633,29748,1662,0,2620
CELL_00164,34001,2389,67776,29131,1831,0,2119
CELL_00165,28455,1410,83141,18899,2637,0,3576
CELL_00166,33070,1934,73493,24450,1812,0,3143
CELL_00167,35080,2261,74048,20037,2059,0,1404
CELL_00168,32454,1262,70948,26728,2407,0,2964
CELL_00169,34497,1623,75663,19687,2204,0,1967
CELL_00170,34460,2183,67130,27411,1971,0,1419
CELL_00171,27918,1579,77382,23648,2547,0,1629
CELL_00172,28196,2338,74985,25302,2135,0,1904
CELL_00173,30776,1674,77386,20157,2112,0,2282
CELL_00174,32653,3028,64687,29787,1771,0,2036
CELL_00175,33429,1924,69613,24842,1866,0,1677
CELL_00176,28545,2313,68656,29928,2161,0,2015
CELL_00177,33778,1405,76718,17277,2128,0,2184
CELL_00178,33572,1432,72548,21101,2058,0,2393
CELL_00179,33046,2369,70644,22790,1903,0,1065
CELL_00180,33996,1319,73866,18582,2414,0,2654
CELL_00181,33671,2247,62818,29998,1779,0,3471
CELL_00182,33115,1474,74997,18778,1884,0,1995
CELL_00183,33680,1481,70668,22732,1890,0,2327
CELL_00184,31794,1809,67456,26443,1683,0,3374
CELL_00185,30361,1556,63439,30560,2390,0,3491
CELL_00186,27714,1680,77588,20531,2331,0,1999
CELL_00187,34564,1546,73821,16767,2385,0,2620
CELL_00188,34416,1505,74852,16368,2244,0,2016
CELL_00189,27598,1861,75511,20927,2600,0,1845
CELL_00190,32181,2214,64448,27767,1798,0,2235
CELL_00191,28245,1526,78001,17657,2548,0,2526
CELL_00192,33417,1876,68147,22426,1762,0,3265
CELL_00193,28963,2100,70287,24108,2317,0,1703
CELL_00194,29164,1615,66676,27541,2369,0,1303
CELL_00195,31124,3066,49218,42699,1112,0,7790
CELL_00196,30942,2030,70663,20741,1711,0,1610
CELL_00197,33034,1419,70293,19003,2229,0,1591
CELL_00198,34069,1548,69320,19419,1934,0,1926
CELL_00199,28201,1804,71394,22561,2360,0,2136
CELL_00200,31869,2762,59434,30232,1614,0,1857
CELL_00201,31492,1934,65487,25125,1947,0,1574
CELL_00202,26472,1892,69562,25960,2329,0,2931
CELL_00203,28669,1493,69335,23835,2123,0,2543
CELL_00204,31832,1988,68265,21727,1884,0,2155
CELL_00205,22898,1284,91260,6621,3440,0,3448
CELL_00206,30087,1894,63672,27492,1522,0,2039
CELL_00207,32955,1674,69626,17475,2022,0,2009
CELL_00208,29422,1671,68276,21411,2559,0,2508
CELL_00209,30092,1500,70971,18779,1859,0,1924
CELL_00210,29783,3226,59204,29434,1614,0,1725
CELL_00211,30744,1737,65130,23716,1698,0,2083
CELL_00212,32378,1825,62459,24154,1712,0,1766
CELL_00213,32569,1981,63956,22107,2066,0,3213
CELL_00214,31230,1658,65882,21428,2060,0,2466
CELL_00215,31886,2156,66879,19255,1928,0,2268
CELL_00216,27077,2241,66132,24366,2516,0,1969
CELL_00217,31122,1453,67058,20903,1556,0,1686
CELL_00218,26758,1878,66454,24499,2471,0,1881
CELL_00219,28139,1646,64105,25909,1583,0,2940
CELL_00220,30073,2113,61589,25184,1789,0,1765
CELL_00221,27071,1733,76185,13543,2255,0,2153
CELL_00222,30175,1744,68316,18642,1843,0,2197
CELL_00223,29356,2119,67721,21808,1967,0,2243
CELL_00224,28694,3447,56002,30766,1515,0,2443
CELL_00225,31325,1210,66314,19371,2022,0,1664
CELL_00226,30187,2197,60229,25914,1438,0,1855
CELL_00227,27138,2838,68566,18708,2090,0,1218
CELL_00228,29863,1417,63734,23228,1693,0,2229
CELL_00229,29697,1429,68610,17734,2074,0,1921
CELL_00230,30927,1622,64087,20211,1842,0,1783
CELL_00231,29247,2621,57752,27378,1694,0,1812
CELL_00232,30317,2036,58334,26085,1688,0,1663
CELL_00233,30726,1585,63629,20456,1978,0,2729
CELL_00234,30923,1841,61786,21523,1977,0,2733
CELL_00235,30462,1908,60630,23205,1627,0,2201
CELL_00236,30736,2220,58307,24451,1710,0,2092
CELL_00237,28927,1958,62063,22926,1855,0,1998
CELL_00238,29286,4068,51887,30995,1359,0,2074
CELL_00239,29521,1789,63727,20621,1653,0,2158
CELL_00240,31074,1590,66863,15362,2101,0,1954
CELL_00241,26501,1725,63199,23098,2598,0,1487
CELL_00242,29638,1487,65774,17903,1958,0,1072
CELL_00243,30494,1202,65257,17375,2040,0,2359
CELL_00244,30160,1505,65497,17197,1887,0,1970
CELL_00245,23171,2233,66680,21993,2047,0,1743
CELL_00246,29271,1803,58833,24826,1505,0,2386
CELL_00247,29562,1945,58795,23812,1760,0,2286
CELL_00248,29544,1720,61372,21378,2024,0,1724
CELL_00249,29720,1481,67865,15133,1842,0,1900
CELL_00250,30053,1471,66322,15839,1743,0,2460
CELL_00251,31123,2079,59221,21868,1465,0,1765
CELL_00252,27957,2327,57442,27296,1249,0,1941
CELL_00253,30030,3710,51399,29027,1266,0,1683
CELL_00254,29100,1682,60407,22635,1609,0,3122
CELL_00255,26041,1628,65416,20348,1971,0,2929
CELL_00256,27770,2580,55475,27473,1533,0,2793
CELL_00257,28408,2202,59206,23173,1899,0,2594
CELL_00258,24260,3076,61915,24150,1694,0,1630
CELL_00259,24968,1026,72679,13328,2639,0,2312
CELL_00260,30162,1266,59719,21474,1704,0,3161
CELL_00261,28435,1067,65563,17538,2124,0,2064
CELL_00262,30079,1526,58878,21801,1961,0,2309
CELL_00263,28233,2009,61490,20687,1577,0,3752
CELL_00264,28204,1958,54194,28438,1463,0,1536
CELL_00265,25066,1298,67722,16955,2530,0,3062
CELL_00266,24785,2679,59659,24908,1761,0,1977
CELL_00267,28189,2283,58365,23261,1581,0,2506
CELL_00268,26546,3170,42309,40442,996,0,4515
CELL_00269,30008,1707,63960,15850,1875,0,1967
CELL_00270,25580,1770,58435,25853,1888,0,2382
CELL_00271,26937,2512,54777,27441,1461,0,1806
CELL_00272,25726,1656,65722,17889,2162,0,1711
CELL_00273,24619,3113,36958,48929,878,0,9106
CELL_00274,22661,1434,67836,18321,2479,0,2249
CELL_00275,25863,4230,64132,16730,2049,0,2109
CELL_00276,28258,1975,58980,21547,1787,0,1725
CELL_00277,28170,1624,61647,19464,1792,0,2714
CELL_00278,28915,1438,60008,20703,1703,0,1926
CELL_00279,23391,869,70372,15211,2489,0,2421
CELL_00280,29497,1376,65226,14686,1838,0,1675
CELL_00281,27619,1562,59657,21039,1638,0,1845
CELL_00282,28184,1445,64978,14885,1741,0,1437
CELL_00283,28445,1428,58823,21035,1667,0,2612
CELL_00284,29272,1452,59833,19185,1665,0,2631
CELL_00285,29258,1376,60611,17984,2026,0,3064
CELL_00286,27774,2147,62819,15879,2318,0,1108
CELL_00287,28578,2033,58970,19802,1425,0,1796
CELL_00288,24711,1369,67908,14232,2544,0,2100
CELL_00289,29181,1655,62098,15668,1970,0,2242
CELL_00290,27661,2169,57586,21288,1568,0,3912
CELL_00291,24430,2943,59071,22448,1609,0,1458
CELL_00292,24854,1832,62009,19751,2144,0,1905
CELL_00293,29163,1352,58306,19861,1564,0,2300
CELL_00294,28302,1813,59447,18985,1709,0,2416
CELL_00295,28152,1380,56286,22609,1601,0,1899
CELL_00296,27992,1823,55362,23214,1486,0,1693
CELL_00297,29774,1440,55646,21771,1504,0,1246
CELL_00298,27230,1451,58174,21531,1554,0,2272
CELL_00299,27202,1560,62083,17224,1798,0,1456
CELL_00300,22846,1138,69675,13180,2721,0,2351
CELL_00301,29441,1453,58687,17978,1732,0,2570
CELL_00302,26940,1312,64155,15217,1752,0,1341
CELL_00303,26860,2009,53985,24901,1372,0,1266
CELL_00304,24429,2745,59018,21707,1642,0,1811
CELL_00305,28308,1227,58957,18477,1828,0,1625
CELL_00306,27335,2303,50925,26449,1377,0,1883
CELL_00307,28976,1408,58484,17989,1640,0,2257
CELL_00308,24571,6482,36515,40763,268,0,123
CELL_00309,27465,1729,60388,17287,1488,0,2485
CELL_00310,26994,1625,58596,19426,1733,0,1767
CELL_00311,26962,1673,56895,21509,1341,0,2569
CELL_00312,26111,2106,57347,20629,1882,0,1314
CELL_00313,26087,2206,57882,20116,1352,0,1676
CELL_00314,26631,1985,59816,17605,1999,0,1650
CELL_00315,27034,1332,59462,18293,1631,0,3062
CELL_00316,26569,1553,58728,19440,1712,0,3358
CELL_00317,27414,1625,55750,20926,1583,0,1525
CELL_00318,27255,1907,55866,20850,1377,0,961
CELL_00319,28149,1578,58652,18226,1611,0,1530
CELL_00320,26476,1394,61179,15800,1679,0,1721
CELL_00321,24240,1354,60512,18197,1974,0,2042
CELL_00322,27197,1792,56471,19714,1528,0,2457
CELL_00323,26297,1098,60568,17104,1710,0,1153
CELL_00324,28491,1338,58717,15783,1571,0,2432
CELL_00325,23708,1694,62432,15996,2173,0,1999
CELL_00326,25198,2460,53191,23688,1514,0,1281
CELL_00327,24645,2189,53403,23623,1928,0,944
CELL_00328,28309,1723,54426,19572,1438,0,1495
CELL_00329,27045,1150,58087,17537,1665,0,1590
CELL_00330,27119,1413,55596,19015,1892,0,2768
CELL_00331,25254,1333,50595,26617,1672,0,2919
CELL_00332,29346,1242,57416,15586,1736,0,1794
CELL_00333,26537,1425,54662,21540,1266,0,1651
CELL_00334,26210,1267,57751,18109,1458,0,1642
CELL_00335,27186,1265,55944,18955,1744,0,2657
CELL_00336,26705,1355,56069,19005,1561,0,1876
CELL_00337,26321,1205,59636,15515,1767,0,2257
CELL_00338,27157,1448,58838,14870,2018,0,1861
CELL_00339,22805,3343,57856,18251,1818,0,1263
CELL_00340,26325,1543,58604,16259,1449,0,950
CELL_00341,26213,2306,49567,23973,1669,0,1562
CELL_00342,26146,1525,58082,16759,1516,0,1529
CELL_00343,26396,1314,58076,16448,1586,0,2139
CELL_00344,26155,1116,61089,13563,1742,0,1810
CELL_00345,25991,1627,55938,18671,1474,0,1324
CELL_00346,27624,1180,58441,14657,1642,0,1267
CELL_00347,26085,1668,55849,18348,1547,0,1549
CELL_00348,25711,1008,57951,16859,1743,0,1880
CELL_00349,26764,1821,55290,17829,1789,0,1346
CELL_00350,26486,1190,59166,14624,1999,0,1523
CELL_00351,25830,1005,59993,14043,2373,0,1917
CELL_00352,24564,2560,52643,21702,1694,0,1385
CELL_00353,25043,1601,56234,18550,1603,0,1097
CELL_00354,23921,1514,55468,20172,1861,0,2008
CELL_00355,22535,1688,58353,18489,1855,0,2349
CELL_00356,26114,1417,53375,19823,1974,0,1589
CELL_00357,27058,2232,48814,22806,1368,0,1754
CELL_00358,25896,1632,54388,19035,1541,0,1918
CELL_00359,26314,1836,51576,20965,1502,0,1498
CELL_00360,26470,1522,50296,22602,1437,0,1622
CELL_00361,26158,1242,61213,11985,1487,0,1691
CELL_00362,22780,2832,46612,27766,1697,0,3209
CELL_00363,26923,1101,55764,16344,1437,0,2258
CELL_00364,26260,1296,56026,16167,1743,0,2451
CELL_00365,26332,1292,56321,15892,1552,0,2284
CELL_00366,24036,2025,51720,22272,1703,0,1429
CELL_00367,22489,1533,55294,20209,1960,0,1363
CELL_00368,25745,1381,54136,18613,1312,0,2624
CELL_00369,25964,1328,57433,14634,1720,0,2207
CELL_00370,25984,1470,55326,16399,1451,0,1600
CELL_00371,24996,1169,57830,15115,1568,0,1729
CELL_00372,21206,1378,53892,22093,1755,0,2353
CELL_00373,26739,1382,51353,19471,1415,0,1732
CELL_00374,23158,1680,54798,19650,1354,0,1847
CELL_00375,26162,1074,55682,15996,1384,0,2570
CELL_00376,21728,1597,56825,18292,1683,0,1795
CELL_00377,26900,774,56257,14424,1569,0,1774
CELL_00378,22089,1720,54115,20236,1934,0,1448
CELL_00379,25033,1192,55187,16809,1435,0,1453
CELL_00380,24984,1477,56361,15281,1474,0,1671
CELL_00381,25267,1146,55279,15703,1739,0,1402
CELL_00382,22357,2162,56392,16592,1679,0,2693
CELL_00383,25484,1378,52983,17844,1416,0,1632
CELL_00384,26021,1584,52690,17308,1352,0,1493
CELL_00385,25004,1861,48898,21452,1476,0,2130
CELL_00386,25393,1047,53787,16914,1701,0,1431
CELL_00387,25918,1593,50042,19647,1308,0,1047
CELL_00388,22340,993,56065,17693,1560,0,1487
CELL_00389,25526,1451,53797,16118,1388,0,2013
CELL_00390,24377,1024,55370,15983,1554,0,1314
CELL_00391,24038,1692,45780,25309,1309,0,1491
CELL_00392,24462,1241,52262,18454,1439,0,2237
CELL_00393,25107,1412,56025,13372,1981,0,1251
CELL_00394,24395,1699,49118,21385,1148,0,3239
CELL_00395,25274,1601,52871,16042,1778,0,1819
CELL_00396,24442,2467,50046,19450,1243,0,1923
CELL_00397,23686,1988,46772,23263,1497,0,2505
CELL_00398,20771,1132,58854,14742,1976,0,2948
CELL_00399,26038,1085,54086,14125,1604,0,3744
CELL_00400,24120,2624,39501,29673,1063,0,1458
CELL_00401,21768,1377,56548,16006,1563,0,1970
CELL_00402,25903,1498,49593,18192,1546,0,1254
CELL_00403,25286,1709,50442,17937,1500,0,1058
CELL_00404,23801,2535,48712,20760,1203,0,1542
CELL_00405,23559,1606,47711,22675,1353,0,1832
CELL_00406,26283,1524,50138,16977,1525,0,2263
CELL_00407,23612,1101,51684,18936,1456,0,3492
CELL_00408,21112,1896,53024,19000,1665,0,1720
CELL_00409,25377,1764,44723,23620,1121,0,1641
CELL_00410,24609,840,54894,14521,1562,0,1629
CELL_00411,21336,1012,61717,10103,2446,0,2441
CELL_00412,23972,1696,51665,17688,1196,0,2285
CELL_00413,23348,1758,52431,17171,1578,0,1164
CELL_00414,24613,1369,50884,17903,1368,0,1453
CELL_00415,21973,2238,52522,17790,1224,0,1547
CELL_00416,24141,1789,49580,18954,1456,0,1302
CELL_00417,25122,1367,51461,16040,1681,0,1515
CELL_00418,24783,1693,48786,18975,1277,0,1917
CELL_00419,23091,1863,47907,21820,1306,0,1378
CELL_00420,23352,1196,52105,17776,1300,0,1648
CELL_00421,25000,1698,43911,23817,1321,0,2005
CELL_00422,24784,1486,52317,15161,1571,0,1608
CELL_00423,23779,1764,49504,19119,1612,0,1340
CELL_00424,25175,1321,50240,17050,1516,0,1796
CELL_00425,24386,1436,51622,16244,1456,0,1301
CELL_00426,23261,1745,52418,16111,1435,0,1094
CELL_00427,24636,1255,52313,15256,1318,0,1463
CELL_00428,23376,1250,51820,16595,1660,0,1729
CELL_00429,24454,1469,50385,16458,1779,0,1780
CELL_00430,24985,1359,48867,18298,1365,0,1436
CELL_00431,24742,1201,53464,13618,1415,0,1668
CELL_00432,24230,2179,42730,24222,1298,0,1605
CELL_00433,20858,1271,54781,15618,1971,0,1269
CELL_00434,20733,1771,50880,19807,1592,0,1668
CELL_00435,23783,1841,50094,16975,1393,0,1923
CELL_00436,20695,1706,53186,17259,1618,0,1637
CELL_00437,24119,1502,47386,19856,1282,0,1658
CELL_00438,22126,2979,48664,19673,1219,0,1035
CELL_00439,24686,1143,50744,15877,1439,0,1671
CELL_00440,23895,1670,47665,19500,1337,0,1542
CELL_00441,24569,1430,52197,14423,1449,0,1063
CELL_00442,22625,2046,43386,24890,1347,0,2177
CELL_00443,23984,1211,49311,17891,1373,0,1320
CELL_00444,22712,1350,50857,17572,1397,0,1865
CELL_00445,23545,1650,48267,18810,1413,0,1135
CELL_00446,22276,1551,47824,20464,1572,0,2417
CELL_00447,24122,1646,48490,17810,1414,0,1278
CELL_00448,24148,1702,49080,17163,1430,0,1365
CELL_00449,22570,1419,49561,18419,1576,0,1447
CELL_00450,22639,1077,51049,16736,1735,0,1929
CELL_00451,23893,1392,53117,13346,1764,0,1005
CELL_00452,21744,1966,48439,20220,1124,0,1344
CELL_00453,23529,1810,49238,17376,1442,0,1147
CELL_00454,22439,1315,51780,16160,1545,0,1415
CELL_00455,22698,2453,37249,29529,1041,0,2406
CELL_00456,23187,1674,50614,15601,1397,0,4022
CELL_00457,23729,2461,43766,21649,1171,0,1966
CELL_00458,24273,1102,48528,17054,1679,0,1185
CELL_00459,24073,1315,48662,17104,1298,0,3630
CELL_00460,24409,1103,51814,13709,1546,0,2589
CELL_00461,23920,1035,50621,15449,1452,0,1546
CELL_00462,21598,1941,49752,18017,1074,0,1402
CELL_00463,20332,1522,50733,17820,1534,0,2055
CELL_00464,23654,1770,44535,20293,1282,0,1388
CELL_00465,22488,1355,47903,18926,1283,0,1360
CELL_00466,23757,1377,48977,16269,1273,0,1506
CELL_00467,23478,1284,49497,16007,1464,0,1342
CELL_00468,23212,990,53816,11625,1756,0,955
CELL_00469,17800,2321,54094,15449,1791,0,1227
CELL_00470,22134,1262,47397,19212,1515,0,1319
CELL_00471,20077,1053,46535,22027,1483,0,1906
CELL_00472,22221,1476,48792,17216,1413,0,1730
CELL_00473,21736,1784,49526,16981,1061,0,1134
CELL_00474,23282,1310,46820,17984,1384,0,1360
CELL_00475,23493,1148,44970,19764,1384,0,2333
CELL_00476,23252,1413,49233,15464,1521,0,1137
CELL_00477,20992,1508,48914,17465,1938,0,1435
CELL_00478,22830,2019,44482,20010,1325,0,1552
CELL_00479,22729,1281,46041,19277,1409,0,1558
CELL_00480,24765,1102,47416,15718,1474,0,1150
CELL_00481,23025,1545,47875,16866,1228,0,1163
CELL_00482,22910,1524,47610,16895,1548,0,1332
CELL_00483,23371,1284,43749,20511,1304,0,1761
CELL_00484,23173,1751,49657,14130,1329,0,1767
CELL_00485,23460,1134,48286,16259,1286,0,1531
CELL_00486,23146,2993,41876,21148,1142,0,1387
CELL_00487,22862,1260,46943,17558,1422,0,1607
CELL_00488,22456,1047,48640,16197,1682,0,833
CELL_00489,24129,1351,47766,15193,1443,0,1626
CELL_00490,22554,1352,46543,18252,1095,0,1135
CELL_00491,22933,1190,49744,14852,1220,0,1001
CELL_00492,23909,1570,43194,20012,1129,0,1525
CELL_00493,22428,1133,48258,16455,1361,0,1112
CELL_00494,20622,1250,50316,16170,1598,0,1144
CELL_00495,22687,1457,49426,14291,1496,0,1098
CELL_00496,24111,834,51569,11651,1224,0,898
CELL_00497,22550,1768,46355,17525,1119,0,1444
CELL_00498,22593,1837,44804,19065,1198,0,1585
CELL_00499,23314,1485,44165,19205,1204,0,1390
CELL_00500,22402,1302,48714,15668,1160,0,1194
CELL_00501,20133,2648,44145,21023,1188,0,1092
CELL_00502,22402,1436,47672,15750,1638,0,1686
CELL_00503,23207,1214,49181,13903,1357,0,1082
CELL_00504,22195,1352,47608,16426,1146,0,1557
CELL_00505,20733,260,64778,688,2054,0,124
CELL_00506,23351,1280,48325,14079,1402,0,1562
CELL_00507,22784,1189,43285,19954,1049,0,1751
CELL_00508,22914,1136,49924,12815,1432,0,1878
CELL_00509,20594,787,47330,17947,1700,0,1575
CELL_00510,22137,1492,43340,20511,1297,0,1279
CELL_00511,21803,1328,45826,17875,1199,0,1209
CELL_00512,22186,1289,47945,15262,1404,0,1930
CELL_00513,22345,1300,49737,12925,1427,0,1044
CELL_00514,23174,1438,42857,19408,1192,0,1136
CELL_00515,20580,1925,44299,19804,1437,0,1770
CELL_00516,23038,1652,44258,17451,1224,0,1144
CELL_00517,21255,814,50719,13192,1618,0,2087
CELL_00518,21862,2064,39432,23168,1048,0,980
CELL_00519,22363,1530,44524,18071,1444,0,1486
CELL_00520,22272,1415,41043,21483,1173,0,897
CELL_00521,22103,1154,48339,14543,1483,0,1265
CELL_00522,21566,1184,44032,19391,1301,0,1500
CELL_00523,22112,1072,48220,14523,1352,0,1371
CELL_00524,19521,1667,48055,16419,1498,0,595
CELL_00525,23165,1444,46381,14729,1398,0,1199
CELL_00526,22211,1483,45480,16759,1266,0,1449
CELL_00527,19820,1233,51491,12737,1585,0,1125
CELL_00528,22757,1362,43080,18335,1216,0,1285
CELL_00529,22568,1230,45554,16025,1209,0,1629
CELL_00530,22281,2264,44731,15839,1343,0,1986
CELL_00531,19052,1865,43222,21145,1054,0,1334
CELL_00532,19463,1732,43796,20458,1182,0,1246
CELL_00533,21650,1139,49692,12763,1369,0,1734
CELL_00534,21333,1320,46509,15757,1379,0,1929
CELL_00535,20570,1902,39143,23215,1178,0,1709
CELL_00536,19491,893,49986,14085,1634,0,1112
CELL_00537,22938,874,50806,10363,1408,0,1738
CELL_00538,20008,2379,43666,19289,948,0,1101
CELL_00539,21902,1016,47833,13701,1368,0,1148
CELL_00540,20050,1197,47410,15687,1360,0,1097
CELL_00541,17678,861,50815,15367,1560,0,1378
CELL_00542,20477,2602,38953,22328,1174,0,1718
CELL_00543,22776,1004,47955,12590,1362,0,1474
CELL_00544,22521,1619,44847,15486,1024,0,1485
CELL_00545,21241,931,45122,16590,1545,0,1187
CELL_00546,18861,1332,48484,15841,1085,0,642
CELL_00547,20853,1393,45450,16978,956,0,1992
CELL_00548,21868,578,49661,11841,1587,0,852
CELL_00549,22644,961,44581,16020,1375,0,1063
CELL_00550,22463,1551,43905,16139,1054,0,1182
CELL_00551,22512,1304,43710,16064,1406,0,1753
CELL_00552,19823,1843,42426,19587,1174,0,1394
CELL_00553,21061,1692,42758,17941,1653,0,2812
CELL_00554,21642,1440,46359,14389,1379,0,1649
CELL_00555,20556,913,49800,12200,1618,0,1347
CELL_00556,20131,1225,45111,17054,1514,0,1201
CELL_00557,22115,1451,42574,17554,1306,0,1635
CELL_00558,22713,1922,45624,13488,1155,0,1303
CELL_00559,22843,1464,42441,16866,1382,0,728
CELL_00560,21854,1276,45198,15064,1395,0,2835
CELL_00561,21037,1204,44577,16793,1264,0,1703
CELL_00562,20242,2647,36939,23675,1239,0,1239
CELL_00563,20722,1302,42200,19158,1342,0,1717
CELL_00564,22270,1150,43970,15968,1193,0,1392
CELL_00565,20195,1453,44302,17132,1417,0,670
CELL_00566,20784,1199,45679,15768,1307,0,1480
CELL_00567,21949,1070,46427,13598,1252,0,1491
CELL_00568,22913,1473,45036,13574,1350,0,872
CELL_00569,20471,1307,43704,17357,1188,0,1566
CELL_00570,20180,1604,44519,16544,1150,0,1297
CELL_00571,20542,1759,42565,18238,1209,0,983
CELL_00572,21271,971,44193,16392,1138,0,1122
CELL_00573,21378,1310,44622,15640,1216,0,918
CELL_00574,21374,1041,47657,12655,1308,0,1343
CELL_00575,20643,1380,46007,14772,1135,0,940
CELL_00576,21499,1289,45164,14754,1184,0,1108
CELL_00577,18958,2143,44190,17141,1181,0,844
CELL_00578,21112,1115,41689,18383,1136,0,1398
CELL_00579,20649,1169,47521,12852,1145,0,1058
CELL_00580,20235,1722,45834,14115,1341,0,1013
CELL_00581,20368,1271,46736,13844,1165,0,1709
CELL_00582,20544,1634,42578,17293,1239,0,1013
CELL_00583,21825,846,44592,14765,1332,0,1264
CELL_00584,19703,1799,40803,19407,1490,0,857
CELL_00585,20927,1669,43664,15692,1176,0,1012
CELL_00586,21929,1165,45247,13435,1200,0,1546
CELL_00587,20484,1327,43241,16871,1344,0,1333
CELL_00588,21227,1625,43282,16055,1068,0,1002
CELL_00589,21541,803,45458,13782,1435,0,1507
CELL_00590,19941,2606,31176,28313,972,0,1890
CELL_00591,19646,929,44292,16821,1399,0,798
CELL_00592,20991,1329,44838,14597,1216,0,1096
CELL_00593,19461,1455,46361,14089,1567,0,1425
CELL_00594,20854,1073,44652,14875,1250,0,1116
CELL_00595,19558,962,49261,12371,1530,0,1914
CELL_00596,20406,1554,39271,20565,996,0,1824
CELL_00597,19604,1661,44280,15995,1167,0,1087
CELL_00598,19557,2398,39479,20210,1118,0,1432
CELL_00599,20896,1469,45203,14066,1005,0,1707
CELL_00600,20471,1357,46292,12980,1385,0,1324
CELL_00601,19385,1875,39577,20880,905,0,915
CELL_00602,21761,1197,44399,13980,1388,0,1244
CELL_00603,20812,1155,43479,15920,1277,0,1886
CELL_00604,18752,1305,47612,13539,1311,0,740
CELL_00605,21245,1109,46196,12778,1302,0,1176
CELL_00606,20781,1645,41854,16928,1270,0,1033
CELL_00607,20386,1802,43377,15484,1525,0,1932
CELL_00608,19726,1107,44464,15950,1058,0,1112
CELL_00609,22648,1297,43627,13118,1408,0,965
CELL_00610,20859,781,48452,10911,1323,0,1210
CELL_00611,20624,1530,40530,18069,1245,0,1508
CELL_00612,21045,1407,42098,16293,1489,0,1444
CELL_00613,20978,1247,43888,14646,1264,0,2041
CELL_00614,19112,1599,45803,14082,1097,0,953
CELL_00615,21559,985,44909,13009,1382,0,1135
CELL_00616,20494,1588,39608,19002,1109,0,1956
CELL_00617,21718,929,42840,14788,1345,0,1751
CELL_00618,19833,2582,42117,16328,1096,0,1239
CELL_00619,20958,797,44313,14324,1267,0,989
CELL_00620,18275,1122,46362,14594,1182,0,1163
CELL_00621,19241,1435,45549,14501,1346,0,1275
CELL_00622,20235,1507,42673,15691,1303,0,1843
CELL_00623,19915,1358,42770,15717,1438,0,1614
CELL_00624,18650,1669,41859,17759,1180,0,2156
CELL_00625,20456,1357,43483,14778,1086,0,1598
CELL_00626,19010,2052,28760,30711,499,0,2729
CELL_00627,19614,1145,42107,17032,1370,0,1660
CELL_00628,18315,1658,46233,14256,1063,0,1172
CELL_00629,19443,1920,37292,21436,1113,0,654
CELL_00630,19707,1240,41574,17375,1100,0,1162
CELL_00631,19532,1670,43453,15204,1116,0,1045
CELL_00632,17661,898,42261,18872,1087,0,852
CELL_00633,18429,680,45989,14231,1341,0,1412
CELL_00634,18434,1477,39244,19920,1624,0,1983
CELL_00635,19025,1370,45938,12772,1311,0,1335
CELL_00636,19561,1090,44278,14513,1063,0,1129
CELL_00637,21277,1008,43930,12909,1204,0,1277
CELL_00638,20697,1577,39647,17293,1102,0,1064
CELL_00639,19756,1201,43924,14408,1232,0,1232
CELL_00640,20192,1508,43557,14039,966,0,1376
CELL_00641,20543,684,46545,11524,1138,0,1194
CELL_00642,20559,1201,44784,12253,1441,0,1462
CELL_00643,20873,1511,41146,15539,1204,0,791
CELL_00644,20038,2013,40864,16101,1134,0,1130
CELL_00645,20653,1824,39143,17359,1246,0,1254
CELL_00646,19801,1462,41835,15927,972,0,1441
CELL_00647,20905,1486,44538,12134,1131,0,1372
CELL_00648,19160,1665,40693,17546,1013,0,1774
CELL_00649,16991,853,51252,9211,1559,0,1921
CELL_00650,19552,2616,35305,21118,1264,0,2204
CELL_00651,20177,1128,43083,14651,1004,0,1098
CELL_00652,19074,1242,43090,15150,1362,0,818
CELL_00653,17761,1496,42884,16706,986,0,935
CELL_00654,17594,722,45434,14951,1229,0,1084
CELL_00655,18376,2585,38262,19120,1373,0,1321
CELL_00656,19171,1111,41579,16721,1042,0,1302
CELL_00657,18896,1228,44224,14034,1514,0,891
CELL_00658,19822,1188,40295,16833,1217,0,1113
CELL_00659,20359,955,41595,15526,1177,0,887
CELL_00660,20983,1077,42169,13893,1275,0,1603
CELL_00661,17660,844,46907,12836,1235,0,1291
CELL_00662,20801,1165,42400,13585,1412,0,1995
CELL_00663,20515,1509,41517,14503,1379,0,1532
CELL_00664,17066,1714,43894,16656,1074,0,475
CELL_00665,20225,1541,42547,14068,1211,0,1086
CELL_00666,19355,2825,35399,20783,782,0,1274
CELL_00667,19333,1007,43585,13743,1438,0,1119
CELL_00668,19367,1627,39312,17563,1116,0,1603
CELL_00669,18785,1841,38118,18874,1241,0,1117
CELL_00670,19591,1244,42747,14088,1281,0,1286
CELL_00671,20350,1080,40745,15561,1062,0,2302
CELL_00672,19511,1714,38313,18071,976,0,1839
CELL_00673,18110,869,43992,14622,1091,0,1317
CELL_00674,18066,782,42731,16245,1071,0,1562
CELL_00675,19437,2008,40513,15824,1048,0,1354
CELL_00676,20383,795,43919,12697,1028,0,1254
CELL_00677,20004,1646,41328,14529,1071,0,987
CELL_00678,19153,1873,28641,28243,651,0,5362
CELL_00679,18704,1253,35332,22347,984,0,1224
CELL_00680,19868,908,43930,12455,1341,0,1704
CELL_00681,20036,2435,38611,16187,986,0,1197
CELL_00682,18822,1201,43871,12959,1289,0,1054
CELL_00683,18518,1646,40213,16787,1273,0,870
CELL_00684,19979,1256,39258,16609,1138,0,1072
CELL_00685,20158,1267,43425,12623,1170,0,1590
CELL_00686,19810,985,40688,15750,1115,0,1664
CELL_00687,19924,1306,40527,15096,1087,0,1486
CELL_00688,18488,1963,39070,16980,1460,0,1296
CELL_00689,20312,1186,42059,13292,1078,0,968
CELL_00690,20766,871,42253,12654,1323,0,1642
CELL_00691,17519,1018,43920,14105,1481,0,1258
CELL_00692,20795,1037,40095,14677,1208,0,1027
CELL_00693,18578,2222,35725,20502,860,0,1048
CELL_00694,20386,1048,40755,14644,1009,0,2609
CELL_00695,17903,2072,42407,14377,903,0,1775
CELL_00696,18099,1346,40804,16198,1422,0,765
CELL_00697,17538,1455,41789,15489,1387,0,2095
CELL_00698,18640,1981,38067,17861,1116,0,1369
CELL_00699,19554,1285,42267,13719,1270,0,1275
CELL_00700,20545,1612,37243,17242,1004,0,1266
CELL_00701,19107,1561,39956,15685,1207,0,1806
CELL_00702,18493,1292,37994,18882,1053,0,1172
CELL_00703,21259,1325,40092,13908,1004,0,1497
CELL_00704,17399,650,49292,8573,1747,0,1904
CELL_00705,19015,2488,37879,17135,932,0,1200
CELL_00706,20100,1899,39493,14924,1038,0,1168
CELL_00707,20099,1477,34690,20148,966,0,1082
CELL_00708,19564,730,41683,14009,1219,0,2004
CELL_00709,18888,1730,40958,14666,1085,0,1042
CELL_00710,18713,1192,41282,14947,1278,0,1216
CELL_00711,20396,1308,40149,14425,1192,0,1557
CELL_00712,17849,1338,38088,19046,1082,0,904
CELL_00713,17232,1668,40971,16509,1075,0,1542
CELL_00714,19469,1172,41505,14291,1115,0,1732
CELL_00715,19642,1982,39915,14790,908,0,854
CELL_00716,20626,1019,39315,15286,1081,0,980
CELL_00717,20128,845,42705,12095,1205,0,1823
CELL_00718,19982,1059,42867,12008,1310,0,1001
CELL_00719,17956,2150,38584,17417,1076,0,1443
CELL_00720,18105,1259,41546,15090,1192,0,1835
CELL_00721,17066,1183,39968,17622,1204,0,1291
CELL_00722,19127,970,40425,15078,1301,0,1683
CELL_00723,20076,1540,40045,14191,1079,0,1239
CELL_00724,18238,1066,37944,18579,1087,0,610
CELL_00725,19073,1771,39871,15107,1005,0,1230
CELL_00726,18423,1275,40526,15210,1119,0,1717
CELL_00727,18002,1543,40434,15643,1029,0,1322
CELL_00728,16901,1404,42991,14395,1042,0,1447
CELL_00729,17183,1347,42749,14135,1170,0,1679
CELL_00730,19619,1890,38346,15658,1115,0,1432
CELL_00731,18238,1439,40687,15081,1140,0,1797
CELL_00732,18808,1001,38944,16535,973,0,1637
CELL_00733,17941,1020,43559,12730,1158,0,1381
CELL_00734,21617,828,41356,11296,1279,0,1210
CELL_00735,16726,1349,42061,15534,970,0,1434
CELL_00736,19738,1378,38014,16297,976,0,795
CELL_00737,18083,1727,41921,13486,1259,0,752
CELL_00738,19543,1589,40502,13773,1081,0,929
CELL_00739,16799,1605,41376,15379,1188,0,1141
CELL_00740,21598,1178,36831,15514,967,0,832
CELL_00741,18936,1736,36519,17935,1088,0,1255
CELL_00742,18830,1647,40353,14195,1186,0,1473
CELL_00743,18535,1521,38645,16247,1148,0,1070
CELL_00744,20385,1242,36464,16733,986,0,749
CELL_00745,19985,992,41221,13460,1096,0,1148
CELL_00746,16697,2041,38816,17103,1189,0,838
CELL_00747,17430,1736,43030,12470,1206,0,1164
CELL_00748,18314,1215,37603,17523,1125,0,1696
CELL_00749,16261,831,47819,9779,1275,0,1237
CELL_00750,17891,884,42258,13648,1102,0,1777
CELL_00751,18270,2303,37065,17219,985,0,1315
CELL_00752,19950,1366,37145,16223,1131,0,816
CELL_00753,18526,1190,41679,12788,1340,0,1672
CELL_00754,18173,2512,33222,20844,859,0,1498
CELL_00755,17283,171,57224,556,418,0,147
CELL_00756,17123,1075,41312,14833,1477,0,250
CELL_00757,19287,1084,42418,11677,1103,0,1453
CELL_00758,17983,2052,36151,18177,984,0,1386
CELL_00759,18769,938,39339,16342,1218,0,1246
CELL_00760,19644,1167,37062,16702,814,0,1344
CELL_00761,17523,804,42578,13426,1115,0,1920
CELL_00762,16660,1469,37638,18734,1218,0,1160
CELL_00763,18351,1403,38326,15916,1183,0,2374
CELL_00764,19162,1164,40146,13645,1086,0,1561
CELL_00765,19350,1305,35542,18245,988,0,807
CELL_00766,18335,1578,38856,15234,1238,0,1239
CELL_00767,19778,801,40869,12316,1246,0,752
CELL_00768,16787,775,42104,14281,1190,0,2055
CELL_00769,19241,1099,37556,16364,1187,0,855
CELL_00770,19874,1020,40612,12412,1122,0,1660
CELL_00771,20725,1091,40108,11786,1363,0,982
CELL_00772,19868,984,39260,13814,1080,0,1013
CELL_00773,17712,2379,37234,16669,996,0,860
CELL_00774,18413,1494,38925,14688,1200,0,539
CELL_00775,18841,1112,40374,13445,1194,0,1106
CELL_00776,17329,2112,38016,16630,966,0,1598
CELL_00777,19699,1277,36885,15881,1169,0,1083
CELL_00778,17324,880,41377,13736,1641,0,977
CELL_00779,19375,1253,38699,14094,1294,0,1518
CELL_00780,19627,2045,36451,15163,1167,0,953
CELL_00781,17791,1344,36177,18179,1040,0,1657
CELL_00782,19328,1175,39255,13663,1040,0,1113
CELL_00783,19357,1027,40545,12427,1303,0,1404
CELL_00784,17648,2348,36666,16833,970,0,784
CELL_00785,19171,1828,38400,14120,970,0,1142
CELL_00786,17822,1487,37579,16186,1386,0,1436
CELL_00787,18956,938,42059,11262,1232,0,1315
CELL_00788,16254,1327,41504,14625,1020,0,1841
CELL_00789,17371,1675,37048,17061,1127,0,1628
CELL_00790,17578,1983,33963,19772,847,0,889
CELL_00791,17676,1470,38193,15943,1021,0,971
CELL_00792,18264,1214,42243,11119,1168,0,1978
CELL_00793,19230,1318,38009,14043,1270,0,946
CELL_00794,19720,1194,37752,14106,1173,0,765
CELL_00795,18992,1092,38097,14773,986,0,1217
CELL_00796,18589,1753,38778,13739,1039,0,2154
CELL_00797,16367,1333,40970,14775,1058,0,652
CELL_00798,19380,1050,39019,13268,1123,0,1608
CELL_00799,15827,800,44700,11450,1166,0,2067
CELL_00800,19078,879,40369,12644,1102,0,762
CELL_00801,17089,1282,37197,17255,901,0,1032
CELL_00802,18226,1307,37179,15660,1270,0,1330
CELL_00803,17245,1873,38580,15334,964,0,1127
CELL_00804,18506,1607,39575,12952,1067,0,974
CELL_00805,17154,1739,38895,14654,1187,0,939
CELL_00806,18830,922,39576,13423,1207,0,933
CELL_00807,16801,1307,39029,15896,1227,0,1820
CELL_00808,16967,1825,35109,19089,762,0,1513
CELL_00809,16721,1399,38239,16129,970,0,985
CELL_00810,19239,943,37743,14550,1013,0,1004
CELL_00811,15529,1093,48104,7532,1167,0,2793
CELL_00812,19214,1495,36448,15148,1148,0,856
CELL_00813,20508,1570,37793,12692,1151,0,1455
CELL_00814,19042,1277,38516,13229,1139,0,1317
CELL_00815,17892,1316,34895,17983,990,0,1594
CELL_00816,19102,1627,38665,12831,944,0,982
CELL_00817,19197,985,38459,13204,1174,0,1396
CELL_00818,17234,2037,35311,17692,895,0,861
CELL_00819,19192,2043,35841,15031,937,0,1064
CELL_00820,18984,958,38877,13220,1148,0,977
CELL_00821,18445,1100,38843,13538,927,0,1310
CELL_00822,17392,2025,33802,18899,1003,0,935
CELL_00823,17816,2238,36248,15703,982,0,1059
CELL_00824,19013,1822,36267,14897,886,0,1175
CELL_00825,18126,1525,36698,15137,1283,0,771
CELL_00826,15916,1311,40222,14434,928,0,1035
CELL_00827,18982,1025,37253,14420,1055,0,613
CELL_00828,17777,1745,34643,17842,948,0,1029
CELL_00829,16720,1834,36311,16889,936,0,1349
CELL_00830,19595,1056,36909,14099,903,0,700
CELL_00831,18577,973,38735,13409,1161,0,1564
CELL_00832,18770,1034,39608,12397,1020,0,1079
CELL_00833,17911,1291,40744,11649,1213,0,877
CELL_00834,18958,1320,38407,13004,1096,0,1194
CELL_00835,18776,1106,40153,11320,1180,0,1183
CELL_00836,18760,1777,33953,16964,1073,0,1056
CELL_00837,19083,1052,38681,12625,983,0,1447
CELL_00838,18813,1378,37017,14398,996,0,1226
CELL_00839,17668,1489,39165,12946,1224,0,1513
CELL_00840,17930,1330,36895,15362,1217,0,762
CELL_00841,21555,1189,32515,16439,822,0,1060
CELL_00842,17400,1538,38107,14023,1252,0,1788
CELL_00843,17627,2323,32329,19515,660,0,955
CELL_00844,18103,886,39944,12323,1127,0,799
CELL_00845,18912,1091,37460,13422,1318,0,1204
CELL_00846,17318,1097,38907,13886,1102,0,1826
CELL_00847,16521,799,38650,14999,1078,0,571
CELL_00848,17539,1644,31046,21203,713,0,1292
CELL_00849,16198,1573,39620,13268,1498,0,1939
CELL_00850,15404,1464,37747,16220,1311,0,717
CELL_00851,18624,1224,40530,10540,1088,0,1243
CELL_00852,18866,994,36599,14668,857,0,1561
CELL_00853,19312,1347,35592,14714,1063,0,1190
CELL_00854,18132,1070,38687,13124,795,0,860
CELL_00855,17425,971,42671,9140,1506,0,1661
CELL_00856,19409,1064,37719,12608,1037,0,790
CELL_00857,17207,1128,38094,14221,1177,0,1652
CELL_00858,16570,1416,38801,13934,935,0,879
CELL_00859,17045,2008,30146,21540,704,0,1192
CELL_00860,18757,834,39128,11729,1129,0,1151
CELL_00861,17730,1161,37053,14538,1036,0,1075
CELL_00862,17314,1185,37799,14279,1147,0,1085
CELL_00863,19286,981,38115,12049,1328,0,672
CELL_00864,17448,1428,35537,17545,987,0,893
CELL_00865,18192,1665,35063,15981,519,0,2055
CELL_00866,18037,1316,37903,13296,943,0,1315
CELL_00867,16854,1979,35643,16032,1044,0,789
CELL_00868,16714,2357,33271,18706,904,0,1019
CELL_00869,17238,2053,34200,16925,1092,0,1135
CELL_00870,17750,1325,36963,14290,979,0,847
CELL_00871,15659,893,45265,8285,1308,0,655
CELL_00872,18065,1477,31246,19705,777,0,1111
CELL_00873,18400,1019,37350,13318,1159,0,860
CELL_00874,15220,1363,40424,13470,1006,0,998
CELL_00875,18535,1469,35512,14764,968,0,1158
CELL_00876,18425,1217,37425,13099,1089,0,1285
CELL_00877,18238,1319,36052,14216,1097,0,1082
CELL_00878,17124,1346,34293,17385,942,0,918
CELL_00879,17755,2602,32865,17045,840,0,1310
CELL_00880,18240,1141,31933,18699,971,0,1258
CELL_00881,17914,1143,37323,13710,1073,0,1262
CELL_00882,14930,1530,39101,14844,919,0,899
CELL_00883,16439,1535,37045,14758,1016,0,984
CELL_00884,18506,1255,36774,13436,1018,0,673
CELL_00885,17554,2110,36918,13192,975,0,1035
CELL_00886,17360,1268,35614,15379,1164,0,867
CELL_00887,18425,1114,37210,12962,1050,0,1396
CELL_00888,19043,1440,33341,16100,778,0,428
CELL_00889,18788,1050,36582,13299,1131,0,1265
CELL_00890,16571,1833,38420,12990,1075,0,1435
CELL_00891,16382,3126,32475,18351,770,0,1468
CELL_00892,17403,945,40213,11123,1156,0,1617
CELL_00893,16122,1779,32623,19431,868,0,850
CELL_00894,16918,2567,30138,20481,662,0,1041
CELL_00895,14664,4106,23377,28769,540,0,1048
CELL_00896,18396,1087,36078,13883,1083,0,1006
CELL_00897,16922,1048,37260,14230,981,0,1722
CELL_00898,18075,1421,38305,11891,965,0,908
CELL_00899,18767,1157,34569,15173,949,0,1034
CELL_00900,17217,2317,31652,18075,1121,0,961
CELL_00901,17123,1082,38242,12874,1053,0,1411
CELL_00902,17578,1082,37084,13594,1077,0,1095
CELL_00903,17602,1064,37522,13187,1113,0,1214
CELL_00904,18823,1639,35869,13049,908,0,890
CELL_00905,15450,1529,40294,11788,1395,0,1330
CELL_00906,17691,1655,35856,14352,925,0,1067
CELL_00907,18085,1060,33883,16359,992,0,1298
CELL_00908,17730,1253,35063,15311,947,0,857
CELL_00909,17379,1038,38510,12650,911,0,1318
CELL_00910,17470,3439,27917,20644,673,0,825
CELL_00911,17706,1387,34577,15474,1115,0,1722
CELL_00912,17340,1090,38045,12603,1258,0,982
CELL_00913,18405,741,38059,12249,972,0,1411
CELL_00914,18066,1277,33198,16828,981,0,1259
CELL_00915,18456,880,36903,12782,1334,0,1013
CELL_00916,14697,1109,41553,12105,903,0,1407
CELL_00917,17975,1012,34496,15503,1071,0,1481
CELL_00918,16412,1715,36144,14926,1022,0,1781
CELL_00919,18047,1348,37776,11869,1172,0,1335
CELL_00920,17925,1463,33545,16452,901,0,658
CELL_00921,17741,1994,36112,13081,973,0,1264
CELL_00922,16369,1077,38098,13468,934,0,1454
CELL_00923,15358,721,44920,7613,1220,0,1553
CELL_00924,18461,184,40624,2682,7911,0,91
CELL_00925,16796,1580,34626,15827,954,0,1072
CELL_00926,17838,1351,37935,11809,1197,0,1111
CELL_00927,17092,1134,39479,11186,893,0,1013
CELL_00928,16170,1758,33537,17215,1047,0,882
CELL_00929,17627,1011,39266,10771,1178,0,1242
CELL_00930,16733,1568,34805,15627,965,0,1555
CELL_00931,16661,1465,39501,11291,981,0,800
CELL_00932,17347,1070,34310,15888,1182,0,751
CELL_00933,16554,1350,37836,12925,1123,0,1663
CELL_00934,16058,976,40440,11238,1119,0,835
CELL_00935,17818,955,33778,15955,1036,0,1444
CELL_00936,16544,1080,33522,17716,997,0,634
CELL_00937,17305,3100,32307,16328,719,0,1783
CELL_00938,16499,1304,36484,14005,1242,0,965
CELL_00939,17567,830,37865,12248,1166,0,1587
CELL_00940,17254,834,39424,11077,1188,0,1202
CELL_00941,18363,1212,33788,15291,1033,0,1417
CELL_00942,17339,1874,31218,18228,963,0,1175
CELL_00943,16466,947,37402,13575,1038,0,1852
CELL_00944,17227,3098,31040,17180,929,0,933
CELL_00945,18279,1187,32844,16177,896,0,1212
CELL_00946,17508,1075,36314,13984,933,0,1315
CELL_00947,18146,2418,33057,15042,816,0,1047
CELL_00948,16307,1985,33904,16614,751,0,1205
CELL_00949,17160,1372,37548,12297,960,0,1097
CELL_00950,17029,1579,30669,19596,733,0,1473
CELL_00951,15730,1343,38386,13414,729,0,1182
CELL_00952,17809,1324,34328,15138,859,0,833
CELL_00953,14985,2027,42892,7899,1287,0,2324
CELL_00954,17830,1179,34466,14534,1086,0,1027
CELL_00955,18090,1291,35781,13091,858,0,968
CELL_00956,17217,898,36326,13143,1524,0,1308
CELL_00957,15044,993,42461,9264,1463,0,877
CELL_00958,17175,1021,35744,14556,724,0,1505
CELL_00959,16864,1299,37333,12521,1076,0,1321
CELL_00960,15932,1264,33844,17246,911,0,1732
CELL_00961,17821,1257,35839,12930,1218,0,1082
CELL_00962,18285,1037,31062,17728,797,0,822
CELL_00963,17108,1857,34423,14617,802,0,684
CELL_00964,15917,2157,34177,15827,905,0,1253
CELL_00965,16161,998,37209,13829,942,0,2130
CELL_00966,15763,1037,37277,14128,852,0,833
CELL_00967,17388,1034,35594,14110,884,0,554
CELL_00968,17595,1144,36528,12742,1109,0,1130
CELL_00969,16921,1378,33381,16385,975,0,1071
CELL_00970,18108,1081,38058,10662,941,0,749
CELL_00971,15927,1396,34626,18192,965,0,1684
CELL_00972,18358,1438,35969,11877,1058,0,822
CELL_00973,18040,1269,32634,15769,1065,0,1400
CELL_00974,16109,1346,37093,13350,954,0,1033
CELL_00975,17588,1294,36943,12186,872,0,1549
CELL_00976,16518,2812,25678,23150,622,0,4493
CELL_00977,17523,1344,35077,13577,1248,0,998
CELL_00978,15216,1349,38606,12306,1124,0,1210
CELL_00979,17211,983,37493,12113,992,0,1025
CELL_00980,16097,1131,35887,14344,1292,0,1113
CELL_00981,16733,1413,35641,14024,776,0,801
CELL_00982,16462,1213,35232,15144,772,0,2334
CELL_00983,15367,1081,35370,15639,1257,0,601
CELL_00984,16978,1183,35729,13934,909,0,1181
CELL_00985,17310,1024,35117,14446,996,0,1084
CELL_00986,15156,1508,39294,11802,941,0,1067
CELL_00987,16377,1247,34485,15299,1100,0,1907
CELL_00988,17123,1356,32452,17100,802,0,827
CELL_00989,16165,1333,33986,16161,974,0,824
CELL_00990,17408,1585,31724,17138,698,0,943
CELL_00991,17897,985,33634,14903,1019,0,1435
CELL_00992,16080,1943,33579,16097,739,0,1004
CELL_00993,16947,678,38412,11188,1055,0,1522
CELL_00994,16121,1485,34524,15454,923,0,1218
CELL_00995,15311,1068,42592,7745,1406,0,1084
CELL_00996,16818,1374,34777,14537,969,0,1341
CELL_00997,17038,1351,33070,15985,872,0,1023
CELL_00998,16919,903,39214,10283,1037,0,1296
CELL_00999,16930,1424,33787,15037,1205,0,659
CELL_01000,17496,1088,37179,13542,1009,0,1075
CELL_01001,16899,1474,35264,13635,911,0,1007
CELL_01002,18437,1078,31687,16215,783,0,881
CELL_01003,17966,1012,33287,14727,1178,0,1020
CELL_01004,17392,1740,16444,32751,400,0,3484
CELL_01005,13933,941,42527,9286,1392,0,1594
CELL_01006,17609,1158,35704,12565,1011,0,1046
CELL_01007,18646,1117,30488,16931,902,0,880
CELL_01008,16936,1020,38785,10624,918,0,1606
CELL_01009,16006,1786,34630,14713,967,0,786
CELL_01010,15500,1394,34676,15525,947,0,866
CELL_01011,17159,845,34348,14245,1317,0,980
CELL_01012,17790,926,36768,11565,847,0,1821
CELL_01013,16086,646,43604,6205,1412,0,1498
CELL_01014,26340,900,29393,10485,847,0,1012
CELL_01015,14541,1723,35549,15264,795,0,695
CELL_01016,16165,1938,35984,12970,883,0,879
CELL_01017,18616,1060,31150,16066,910,0,539
CELL_01018,13853,766,40486,10856,1692,0,1645
CELL_01019,15202,1543,32317,17953,869,0,1193
CELL_01020,15930,1465,34340,15052,790,0,812
CELL_01021,16545,1499,30287,18400,823,0,1048
CELL_01022,17667,1068,32860,15200,906,0,1358
CELL_01023,17080,1052,34754,13741,898,0,1193
CELL_01024,16177,1063,34303,15225,813,0,2414
CELL_01025,18684,678,35191,11837,1002,0,885
CELL_01026,16526,1909,35162,13027,901,0,980
CELL_01027,15548,1382,32362,17379,1133,0,1092
CELL_01028,17939,1046,37627,9691,1148,0,611
CELL_01029,15741,1261,33201,16427,928,0,1606
CELL_01030,14868,1498,33089,16788,1225,0,717
CELL_01031,15963,1035,34386,15058,910,0,1897
CELL_01032,16475,894,35311,13645,1087,0,1363
CELL_01033,17289,941,31683,16503,1039,0,1342
CELL_01034,17246,1614,32521,14962,966,0,1240
CELL_01035,17516,2011,29525,17440,765,0,1487
CELL_01036,14826,1201,33858,16827,915,0,1337
CELL_01037,18216,1130,35415,11588,852,0,902
CELL_01038,16735,1333,32228,15875,1040,0,775
CELL_01039,16861,1043,35715,12552,981,0,1016
CELL_01040,17412,1144,32049,15433,1096,0,905
CELL_01041,17527,1204,34288,13260,1140,0,962
CELL_01042,17318,1921,27778,19550,667,0,593
CELL_01043,17510,1771,31239,15609,844,0,631
CELL_01044,17625,785,34485,13156,990,0,1634
CELL_01045,15795,2100,31623,16966,703,0,345
CELL_01046,16455,1213,35178,13135,887,0,1426
CELL_01047,17009,850,37764,10399,1142,0,1037
CELL_01048,15717,867,34200,15294,850,0,1288
CELL_01049,18131,867,34272,12893,955,0,1341
CELL_01050,16773,1121,33226,14997,772,0,1227
CELL_01051,15720,2173,31085,17028,823,0,1402
CELL_01052,16962,2608,30870,15550,920,0,1003
CELL_01053,16034,936,35571,13695,712,0,976
CELL_01054,16406,2259,32356,15091,839,0,1190
CELL_01055,15579,1016,37983,11156,1003,0,1516
CELL_01056,16279,770,36979,11635,1020,0,819
CELL_01057,14785,1174,35282,15014,785,0,869
CELL_01058,16249,1463,31198,17147,766,0,763
CELL_01059,17457,861,32432,14969,888,0,543
CELL_01060,16699,1077,35736,12255,923,0,1044
CELL_01061,16886,947,36870,11032,1042,0,819
CELL_01062,17190,1235,33258,13938,936,0,1023
CELL_01063,15837,2138,29873,18306,806,0,1658
CELL_01064,17024,1189,33615,13879,828,0,1589
CELL_01065,15219,898,37125,12067,1141,0,1286
CELL_01066,17886,1160,34155,12320,1017,0,1191
CELL_01067,15479,971,36032,13262,756,0,1223
CELL_01068,16215,1378,32218,15912,888,0,1862
CELL_01069,16198,1892,30869,16675,1035,0,1178
CELL_01070,16106,1560,31846,16216,747,0,1085
CELL_01071,14222,768,42954,6962,1580,0,2826
CELL_01072,16181,1117,34397,13647,1026,0,1596
CELL_01073,14341,609,44904,5139,1499,0,998
CELL_01074,15672,1383,36008,12126,1121,0,584
CELL_01075,17701,1137,34143,12364,1015,0,948
CELL_01076,16127,1649,20027,28312,279,0,2696
CELL_01077,15657,1773,33283,14671,905,0,1013
CELL_01078,17318,1255,32297,14414,902,0,912
CELL_01079,16413,1287,35272,12250,1045,0,1592
CELL_01080,16707,1039,33245,14142,1040,0,782
CELL_01081,15170,2046,33465,14998,633,0,707
CELL_01082,16662,1514,32786,14389,808,0,1078
CELL_01083,16528,1745,35009,12166,1118,0,1730
CELL_01084,14446,1129,33036,16753,821,0,977
CELL_01085,16543,1159,33197,14316,774,0,1172
CELL_01086,17937,978,34282,11925,944,0,913
CELL_01087,17281,1322,31661,15033,843,0,861
CELL_01088,17403,1484,31153,15064,826,0,1058
CELL_01089,17188,1180,33304,13344,956,0,878
CELL_01090,17585,1056,32416,13954,897,0,1329
CELL_01091,17968,15,47955,112,41,0,80
CELL_01092,17518,1053,35150,11136,922,0,935
CELL_01093,17752,794,33713,12531,1040,0,1052
CELL_01094,16952,1139,31109,15985,881,0,508
CELL_01095,16856,1162,29942,16949,921,0,1442
CELL_01096,15727,889,35455,12888,881,0,865
CELL_01097,16840,1793,29686,16597,707,0,707
CELL_01098,16651,1030,34308,12590,1113,0,1725
CELL_01099,17585,1043,33798,12317,1034,0,868
CELL_01100,16994,855,35290,11739,1089,0,1003
CELL_01101,15516,923,36563,11752,1026,0,1161
CELL_01102,15394,1285,35924,12106,858,0,861
CELL_01103,14332,940,42343,6748,1269,0,612
CELL_01104,15423,1647,32211,15402,823,0,1350
CELL_01105,16946,1323,33011,13401,881,0,1305
CELL_01106,16180,1348,34828,11905,1163,0,1704
CELL_01107,17891,1066,30785,14697,902,0,1239
CELL_01108,14953,1064,33884,14695,935,0,1520
CELL_01109,15609,762,34231,13947,894,0,1073
CELL_01110,14771,1588,32192,15818,958,0,1339
CELL_01111,15582,1331,33844,13765,1007,0,1047
CELL_01112,16113,1326,34723,12662,745,0,1469
CELL_01113,16523,1346,33863,12693,1079,0,932
CELL_01114,14936,1083,34904,13613,1169,0,620
CELL_01115,17078,742,33920,12521,967,0,2271
CELL_01116,15274,1598,35197,12333,793,0,964
CELL_01117,14610,1597,33706,14544,812,0,775
CELL_01118,15296,1654,30127,17456,638,0,925
CELL_01119,16660,1000,34738,11805,876,0,992
CELL_01120,16711,1240,31736,14319,1016,0,881
CELL_01121,16654,1960,28254,17492,816,0,1137
CELL_01122,17460,703,33833,12079,1105,0,1042
CELL_01123,15052,1689,30719,16582,794,0,858
CELL_01124,15635,1901,32847,13986,701,0,619
CELL_01125,14621,1055,37575,10869,798,0,801
CELL_01126,16760,1164,34488,11337,922,0,698
CELL_01127,15716,2171,32484,13511,747,0,1453
CELL_01128,15095,1729,28193,18712,1000,0,999
CELL_01129,16214,995,31229,15360,941,0,1222
CELL_01130,15927,960,32209,14715,750,0,1088
CELL_01131,15274,2044,32322,13933,1059,0,1311
CELL_01132,14431,1200,33353,14668,874,0,1574
CELL_01133,17087,1008,33853,11545,999,0,979
CELL_01134,15409,961,34620,12433,978,0,1150
CELL_01135,15884,1696,31397,14909,689,0,959
CELL_01136,16402,1312,31477,14389,899,0,961
CELL_01137,16251,1040,31624,14714,836,0,884
CELL_01138,16879,896,33312,12444,869,0,1123
CELL_01139,15225,1772,32896,13433,1089,0,1029
CELL_01140,16715,1008,33217,12284,1068,0,1279
CELL_01141,17160,741,32821,12481,1104,0,822
CELL_01142,16414,1025,32419,13644,979,0,933
CELL_01143,14806,1051,36152,11131,1065,0,1308
CELL_01144,15333,2045,33719,12245,875,0,790
CELL_01145,14664,1293,33805,13604,1121,0,1089
CELL_01146,17674,1393,30523,13703,808,0,1264
CELL_01147,15513,1573,33436,12732,934,0,1184
CELL_01148,15169,985,34093,12982,905,0,1515
CELL_01149,13947,788,41958,6124,1231,0,1074
CELL_01150,15725,1623,26511,19738,509,0,1705
CELL_01151,14683,1104,32172,14979,1341,0,1426
CELL_01152,14252,1254,32051,15571,977,0,499
CELL_01153,17088,811,33965,10998,1115,0,1186
CELL_01154,16832,997,33269,11994,991,0,920
CELL_01155,15461,788,33080,14046,765,0,1003
CELL_01156,16533,1229,33451,11773,918,0,1260
CELL_01157,16440,1688,29993,15179,775,0,1259
CELL_01158,15925,1362,29148,16923,620,0,1387
CELL_01159,15059,1524,29359,17244,681,0,1111
CELL_01160,15762,1529,33439,12207,1028,0,1089
CELL_01161,15729,962,32123,14296,825,0,1079
CELL_01162,15854,1228,33073,13018,805,0,952
CELL_01163,16948,1043,32011,13102,864,0,1558
CELL_01164,14518,913,34123,13157,1111,0,523
CELL_01165,15906,1293,33824,12268,585,0,866
CELL_01166,16801,788,31384,13759,1006,0,1291
CELL_01167,15911,906,34608,11510,994,0,626
CELL_01168,16016,1481,31795,13583,753,0,1162
CELL_01169,14856,1001,36771,10186,957,0,617
CELL_01170,14812,1743,32221,13973,1056,0,1733
CELL_01171,15487,624,35850,10609,1118,0,1166
CELL_01172,16284,1247,34073,10896,1054,0,1185
CELL_01173,16301,954,32975,12469,935,0,723
CELL_01174,15337,1155,32485,13819,814,0,1330
CELL_01175,15465,1242,31427,14478,877,0,854
CELL_01176,15095,599,33255,13459,1049,0,1783
CELL_01177,15901,1012,33041,12582,936,0,639
CELL_01178,15218,988,32402,14051,935,0,871
CELL_01179,15861,1193,31346,14320,957,0,1066
CELL_01180,16663,1020,33570,11516,814,0,1247
CELL_01181,15145,1929,30334,15489,786,0,2072
CELL_01182,15792,975,30390,15297,856,0,531
CELL_01183,16192,1011,31643,13645,796,0,1644
CELL_01184,15784,1389,30246,14973,942,0,1169
CELL_01185,16230,896,31339,13824,1103,0,986
CELL_01186,15377,1261,31604,14596,719,0,1882
CELL_01187,16078,1084,33579,11741,849,0,1196
CELL_01188,16374,988,36771,8241,882,0,840
CELL_01189,15044,649,35792,11178,769,0,1590
CELL_01190,15921,1181,31748,13557,875,0,722
CELL_01191,16038,1360,31248,13558,929,0,802
CELL_01192,16439,1635,26661,17692,896,0,847
CELL_01193,16768,831,32002,12816,950,0,799
CELL_01194,15159,1157,33826,12359,933,0,1136
CELL_01195,15113,1253,32818,13091,864,0,1602
CELL_01196,14051,987,34819,12767,826,0,879
CELL_01197,16909,1020,30532,13682,1053,0,745
CELL_01198,15654,1346,32209,13156,897,0,1857
CELL_01199,15547,1062,34006,12079,781,0,860
CELL_01200,16365,1114,31554,13024,817,0,1181
CELL_01201,15236,1303,31363,14329,928,0,1063
CELL_01202,17243,1006,30434,13292,853,0,1312
CELL_01203,14359,741,34165,12781,918,0,1523
CELL_01204,16462,805,34071,10519,1151,0,1101
CELL_01205,17410,872,32781,10744,973,0,1033
CELL_01206,15761,673,33936,11561,878,0,1637
CELL_01207,13745,2412,29028,16784,898,0,1495
CELL_01208,13663,907,35222,11768,1244,0,1180
CELL_01209,16193,947,33753,11122,814,0,711
CELL_01210,14593,841,34398,12219,787,0,1791
CELL_01211,15701,941,31813,13477,759,0,986
CELL_01212,16480,634,34008,10408,1091,0,984
CELL_01213,16231,908,30245,14388,758,0,1933
CELL_01214,13070,752,38465,9113,1034,0,2286
CELL_01215,14808,2127,28834,16034,634,0,691
CELL_01216,15180,752,33219,12227,1033,0,1214
CELL_01217,15460,1136,30567,14391,908,0,1847
CELL_01218,15169,1704,25205,20866,551,0,2638
CELL_01219,16666,1092,30343,13636,735,0,1219
CELL_01220,16615,643,32323,11768,1075,0,976
CELL_01221,16367,830,32242,12185,907,0,1376
CELL_01222,16309,983,32772,11467,936,0,1039
CELL_01223,15751,942,33786,10952,1054,0,1391
CELL_01224,13260,95,20859,525,27617,0,4
CELL_01225,16842,832,32058,11713,895,0,662
CELL_01226,15811,1407,29547,14739,781,0,1030
CELL_01227,16953,1339,26294,17181,637,0,652
CELL_01228,16417,1291,28904,14768,870,0,772
CELL_01229,16516,1056,30556,13370,831,0,1054
CELL_01230,15661,1512,30552,13675,849,0,636
CELL_01231,13830,1048,34139,12442,933,0,780
CELL_01232,16239,715,32342,12185,1002,0,795
CELL_01233,14645,1284,32266,13241,780,0,1654
CELL_01234,15577,1498,29951,14557,927,0,914
CELL_01235,14418,1306,30794,14706,1014,0,1203
CELL_01236,18075,1255,28912,13271,492,0,1910
CELL_01237,15449,1573,31469,12689,1061,0,1247
CELL_01238,15234,1304,32914,11712,1082,0,1042
CELL_01239,15705,656,34294,10537,860,0,1032
CELL_01240,15698,948,31171,13257,982,0,656
CELL_01241,13394,1654,29775,16563,729,0,1672
CELL_01242,14699,1250,34472,10761,786,0,1069
CELL_01243,13488,1362,34976,11036,1013,0,1570
CELL_01244,15527,955,31638,12779,960,0,820
CELL_01245,15155,907,28543,16802,654,0,1531
CELL_01246,15543,1045,31170,13275,774,0,1301
CELL_01247,14406,1034,27728,17965,585,0,548
CELL_01248,14437,513,40365,5463,1291,0,1466
CELL_01249,15222,1655,29374,14844,702,0,793
CELL_01250,15074,1240,30121,14586,716,0,1034
CELL_01251,13675,2260,28641,16576,689,0,1443
CELL_01252,14803,955,31707,13399,904,0,1078
CELL_01253,16161,1135,29015,14643,643,0,1117
CELL_01254,14296,1403,30490,14652,900,0,1191
CELL_01255,13545,1873,29783,17873,759,0,677
CELL_01256,16161,1139,31982,11565,852,0,1152
CELL_01257,16287,943,33975,9429,1039,0,1190
CELL_01258,14707,2112,27709,16378,847,0,877
CELL_01259,13280,1110,34838,11662,868,0,738
CELL_01260,15683,1062,32055,12213,816,0,1153
CELL_01261,14928,1757,30707,13524,1027,0,718
CELL_01262,14533,935,33177,11909,1020,0,523
CELL_01263,14697,1637,29852,14837,676,0,1234
CELL_01264,14192,1197,32819,12588,1000,0,1075
CELL_01265,22405,745,28352,9187,889,0,897
CELL_01266,13627,551,37210,8898,1041,0,1739
CELL_01267,15830,1232,30897,12481,1152,0,426
CELL_01268,15509,816,31521,12429,1091,0,592
CELL_01269,14927,1937,30701,13085,775,0,1225
CELL_01270,12977,1227,34694,11483,1012,0,982
CELL_01271,14829,1528,31287,12903,767,0,1100
CELL_01272,15597,2073,24935,18088,776,0,1613
CELL_01273,15583,877,31094,13029,754,0,1347
CELL_01274,15702,940,30154,13873,735,0,928
CELL_01275,14859,1089,32510,12098,910,0,871
CELL_01276,15254,176,44283,494,1146,0,20
CELL_01277,15993,1052,31295,12137,837,0,624
CELL_01278,15641,1057,29215,14649,895,0,1014
CELL_01279,15946,828,31867,11622,973,0,1646
CELL_01280,13716,1149,34662,10844,989,0,770
CELL_01281,15379,1191,31424,12388,731,0,971
CELL_01282,14953,1011,28322,16119,655,0,1033
CELL_01283,15651,742,30929,13256,735,0,1452
CELL_01284,14900,1331,31546,12452,790,0,1211
CELL_01285,15737,1333,28430,14891,795,0,1038
CELL_01286,15725,899,32102,11314,897,0,1516
CELL_01287,16413,962,32336,10459,950,0,1243
CELL_01288,15372,1891,25468,17595,711,0,875
CELL_01289,14359,1488,25722,18759,666,0,1339
CELL_01290,15255,1443,30311,13117,881,0,1054
CELL_01291,16246,1025,28486,14546,763,0,1185
CELL_01292,15079,1006,31369,12545,1019,0,882
CELL_01293,14161,1214,30705,14160,878,0,1237
CELL_01294,15636,783,31740,11770,961,0,662
CELL_01295,15453,915,29407,14763,737,0,1017
CELL_01296,14314,1416,28117,16375,842,0,1065
CELL_01297,16185,860,30796,12343,848,0,938
CELL_01298,14307,1729,30333,13931,720,0,1405
CELL_01299,14220,836,28571,16485,835,0,934
CELL_01300,14930,1356,27770,15982,818,0,1202
CELL_01301,15017,959,32557,11342,873,0,726
CELL_01302,15507,693,32451,11175,1074,0,903
CELL_01303,15147,1125,30581,13049,958,0,1190
CELL_01304,14196,1252,28869,15814,683,0,1490
CELL_01305,15193,2193,28735,13965,637,0,1375
CELL_01306,13173,701,39061,6559,1156,0,1091
CELL_01307,14519,1027,30966,13641,812,0,1396
CELL_01308,14637,1018,32112,12117,792,0,890
CELL_01309,15138,1441,26546,16775,743,0,861
CELL_01310,16143,1217,26780,15923,655,0,856
CELL_01311,14554,1470,29051,14864,598,0,1189
CELL_01312,15708,902,29670,13379,905,0,1244
CELL_01313,16211,555,33035,9735,990,0,1036
CELL_01314,15568,1502,27825,14963,763,0,112
CELL_01315,14638,1415,30671,13002,732,0,768
CELL_01316,16111,834,30280,12348,799,0,2065
CELL_01317,13916,1013,35583,8859,978,0,774
CELL_01318,13615,1654,27727,16435,862,0,704
CELL_01319,16008,880,28762,14055,740,0,950
CELL_01320,11962,650,39000,7770,1213,0,1225
CELL_01321,16033,886,30542,12131,901,0,874
CELL_01322,15096,847,31281,12297,948,0,843
CELL_01323,13335,1178,30482,14321,931,0,370
CELL_01324,14665,1055,30008,13572,985,0,612
CELL_01325,14564,1078,31596,12224,933,0,993
CELL_01326,15665,1114,31267,11443,915,0,759
CELL_01327,15521,1408,27240,15512,735,0,1122
CELL_01328,15435,1324,28879,13738,858,0,1100
CELL_01329,15143,1280,29578,13387,838,0,755
CELL_01330,14719,1168,33292,10902,926,0,916
CELL_01331,14695,1343,28100,15279,757,0,1375
CELL_01332,15546,1032,31947,10594,959,0,814
CELL_01333,15589,837,32031,10692,846,0,1237
CELL_01334,15559,1024,30942,11481,924,0,580
CELL_01335,15363,1542,27343,14894,801,0,786
CELL_01336,16318,602,31474,10602,941,0,1007
CELL_01337,15201,1096,28667,14176,749,0,1028
CELL_01338,14830,910,30004,13190,928,0,1192
CELL_01339,14461,1131,28093,15154,958,0,655
CELL_01340,14559,1569,31171,11959,551,0,1354
CELL_01341,13427,1496,31739,12463,707,0,1395
CELL_01342,19466,803,26484,12426,852,0,583
CELL_01343,14077,617,35767,8004,1313,0,1868
CELL_01344,14060,1425,32126,11320,898,0,890
CELL_01345,15583,917,32372,9969,975,0,1182
CELL_01346,14274,1046,29015,14601,907,0,1284
CELL_01347,15323,1454,28448,13623,885,0,592
CELL_01348,13932,838,31211,12798,1063,0,542
CELL_01349,15122,1090,27957,14698,727,0,1022
CELL_01350,13723,2058,29897,13527,591,0,1140
CELL_01351,13795,1267,31523,12347,779,0,939
CELL_01352,14594,816,26416,16873,890,0,1476
CELL_01353,12811,1245,32488,12106,1020,0,770
CELL_01354,15131,1106,32407,9988,999,0,930
CELL_01355,13045,1250,31997,12688,709,0,996
CELL_01356,15697,1200,27867,14278,753,0,1046
CELL_01357,15442,632,30175,12415,786,0,1530
CELL_01358,13469,1181,29264,14837,691,0,1242
CELL_01359,15445,934,29830,12405,777,0,781
CELL_01360,14349,1533,29293,13679,532,0,1387
CELL_01361,14766,847,32373,10609,939,0,1213
CELL_01362,13543,1763,26927,16679,622,0,1404
CELL_01363,14759,1638,27116,14945,863,0,920
CELL_01364,14467,1022,30350,12503,896,0,1113
CELL_01365,15158,1123,26908,15172,852,0,1244
CELL_01366,13393,2818,17387,25460,270,0,285
CELL_01367,16002,859,28883,12846,823,0,1005
CELL_01368,13570,1359,28831,14562,809,0,840
CELL_01369,14415,1647,25338,17170,756,0,978
CELL_01370,14320,1480,29467,13112,755,0,1075
CELL_01371,15215,917,30717,11625,837,0,1097
CELL_01372,14119,918,29521,13278,1199,0,1058
CELL_01373,14433,1010,29875,12885,931,0,1435
CELL_01374,12882,1131,30719,13641,832,0,894
CELL_01375,15688,736,29829,12120,841,0,1020
CELL_01376,15041,1409,27930,13802,836,0,835
CELL_01377,13518,1456,30834,12307,881,0,683
CELL_01378,14765,1077,27644,14796,790,0,916
CELL_01379,15962,1296,29699,11348,706,0,870
CELL_01380,14847,856,28841,13476,888,0,563
CELL_01381,15629,873,28562,12896,937,0,625
CELL_01382,14288,1113,30956,11562,907,0,1055
CELL_01383,15684,1010,28899,12422,818,0,908
CELL_01384,14552,1298,27646,14391,827,0,864
CELL_01385,14779,785,29846,12208,1188,0,1290
CELL_01386,13536,1769,29311,13556,645,0,1748
CELL_01387,16610,846,26934,13821,604,0,833
CELL_01388,15199,1120,28932,12824,761,0,638
CELL_01389,14186,1662,28877,13257,849,0,1077
CELL_01390,14229,827,29894,12897,879,0,853
CELL_01391,14576,2084,28855,12553,596,0,677
CELL_01392,14356,1085,29069,13309,845,0,1165
CELL_01393,13092,921,36320,7457,958,0,770
CELL_01394,12561,1355,31497,12607,712,0,842
CELL_01395,15331,722,29966,12006,934,0,930
CELL_01396,13626,2123,26682,16114,588,0,773
CELL_01397,15346,793,30606,10974,785,0,1200
CELL_01398,16112,717,28608,12396,780,0,926
CELL_01399,15100,1029,29439,12396,683,0,1137
CELL_01400,15045,1349,29263,11961,965,0,2006
CELL_01401,15457,1062,29313,11843,837,0,818
CELL_01402,13146,1113,32211,10888,1160,0,830
CELL_01403,13179,918,30330,13197,1163,0,689
CELL_01404,14338,1969,26567,15003,482,0,1288
CELL_01405,12013,456,38446,6741,798,0,1243
CELL_01406,15796,1059,28749,11877,796,0,954
CELL_01407,13521,1523,28950,13614,624,0,711
CELL_01408,14255,836,29955,12059,1286,0,1181
CELL_01409,15795,976,28575,12156,809,0,1017
CELL_01410,14967,1077,29860,11551,893,0,885
CELL_01411,13399,1246,29928,12373,1184,0,768
CELL_01412,13626,1153,31251,11130,955,0,1208
CELL_01413,15604,868,29101,11859,760,0,1031
CELL_01414,13173,914,30724,12928,607,0,1264
CELL_01415,15265,768,27850,13928,620,0,811
CELL_01416,14760,1097,27161,14306,1144,0,802
CELL_01417,15307,896,33047,7808,1034,0,956
CELL_01418,15341,706,31215,10333,722,0,1232
CELL_01419,15198,665,31747,9504,1048,0,898
CELL_01420,14246,3027,17400,23112,381,0,1591
CELL_01421,14642,1684,28249,12838,672,0,1156
CELL_01422,13514,1405,25264,17414,587,0,1559
CELL_01423,14027,877,29432,12697,985,0,1293
CELL_01424,14531,1528,14612,27103,349,0,2295
CELL_01425,13848,1312,24731,17527,650,0,681
CELL_01426,13368,737,33226,9617,990,0,594
CELL_01427,13929,1303,28117,13870,783,0,699
CELL_01428,14465,1225,28708,12760,777,0,863
CELL_01429,14057,1527,26323,15598,596,0,1337
CELL_01430,13700,657,28920,13927,833,0,1183
CELL_01431,13948,813,30771,11532,962,0,866
CELL_01432,14113,834,26427,15776,800,0,775
CELL_01433,14939,956,27845,13491,608,0,880
CELL_01434,13949,1244,27857,14030,857,0,1074
CELL_01435,14606,1000,29382,11934,809,0,1153
CELL_01436,13930,974,30108,11792,949,0,1581
CELL_01437,15347,860,29695,10890,877,0,779
CELL_01438,14135,908,29700,11998,826,0,382
CELL_01439,13251,933,31956,10531,996,0,1057
CELL_01440,14331,1841,25693,15085,674,0,1101
CELL_01441,13598,2002,25130,16247,532,0,654
CELL_01442,14372,877,28921,12498,838,0,928
CELL_01443,14085,1573,27434,13761,720,0,1524
CELL_01444,13183,1770,29220,12685,699,0,1073
CELL_01445,14072,819,27824,14363,528,0,1511
CELL_01446,14411,1688,24703,15773,819,0,590
CELL_01447,13935,1684,26328,14826,695,0,1513
CELL_01448,13657,955,30558,11394,937,0,926
CELL_01449,14394,935,22579,18797,607,0,2267
CELL_01450,14660,1546,24785,15774,674,0,472
CELL_01451,13815,1361,26926,14519,709,0,1031
CELL_01452,13508,938,27587,14605,549,0,929
CELL_01453,13308,1564,28897,12993,838,0,697
CELL_01454,13376,1653,29146,12407,607,0,1145
CELL_01455,12724,1246,27722,15216,578,0,814
CELL_01456,12591,1275,27978,15314,744,0,668
CELL_01457,14629,892,26357,14623,711,0,889
CELL_01458,12293,1481,26899,16229,650,0,1332
CELL_01459,14211,942,28531,12703,827,0,1552
CELL_01460,15012,1118,21939,18240,597,0,918
CELL_01461,12434,1392,28011,14871,531,0,1037
CELL_01462,14071,805,29157,12605,698,0,955
CELL_01463,13945,942,28520,12883,758,0,1011
CELL_01464,14819,706,30564,10141,795,0,909
CELL_01465,15100,1257,25774,13977,771,0,568
CELL_01466,13339,1109,29468,12312,673,0,914
CELL_01467,13639,1443,27543,13608,649,0,937
CELL_01468,13390,1280,28998,12854,717,0,1196
CELL_01469,15343,836,28965,10970,765,0,961
CELL_01470,14651,1857,21371,18443,652,0,2387
CELL_01471,13842,1976,28348,11975,718,0,1016
CELL_01472,13777,963,30413,11248,781,0,1238
CELL_01473,14609,1236,27962,12247,794,0,1182
CELL_01474,14671,1111,29502,10705,826,0,422
CELL_01475,14962,1120,26763,13220,698,0,727
CELL_01476,12415,1190,27399,14662,956,0,564
CELL_01477,13525,642,30872,10913,700,0,1044
CELL_01478,15135,906,30413,9367,778,0,1144
CELL_01479,12583,374,40296,1670,1691,0,1222
CELL_01480,15027,697,29090,10846,923,0,1113
CELL_01481,14395,1650,24410,15442,666,0,1058
CELL_01482,15208,693,30219,9650,809,0,946
CELL_01483,15022,540,32949,7024,875,0,632
CELL_01484,12824,1126,28382,13409,676,0,1187
CELL_01485,13175,2033,17970,22921,343,0,2133
CELL_01486,14968,881,27330,12339,871,0,773
CELL_01487,14766,946,26724,13250,762,0,1083
CELL_01488,14433,921,27629,12665,687,0,1348
CELL_01489,12306,1247,29414,12552,851,0,737
CELL_01490,13781,2041,27326,12716,559,0,806
CELL_01491,14930,973,27992,11780,779,0,1301
CELL_01492,14986,710,30797,8881,991,0,951
CELL_01493,13363,1381,31746,9119,699,0,610
CELL_01494,13687,862,30101,10814,872,0,934
CELL_01495,13332,1485,27215,13382,874,0,1066
CELL_01496,15337,789,29592,9679,895,0,742
CELL_01497,15148,947,28432,11063,717,0,873
CELL_01498,14503,1226,28995,10887,868,0,1426
CELL_01499,15138,833,27919,11579,851,0,976
CELL_01500,13013,1443,27800,13312,688,0,1021
CELL_01501,14422,908,29084,10901,929,0,660
CELL_01502,12900,1224,26922,14161,881,0,1240
CELL_01503,13445,1307,24761,15911,722,0,682
CELL_01504,13084,1633,26154,14631,638,0,961
CELL_01505,13760,1268,28720,11557,721,0,950
CELL_01506,12200,826,35979,6082,1009,0,789
CELL_01507,14821,915,25240,14201,702,0,732
CELL_01508,11905,399,32949,9571,1230,0,943
CELL_01509,14570,965,26931,12601,788,0,676
CELL_01510,13126,2064,17950,22235,357,0,1144
CELL_01511,14825,1476,26262,12606,607,0,1028
CELL_01512,15184,1082,26392,12236,645,0,1075
CELL_01513,14360,1165,24876,14681,744,0,1372
CELL_01514,15226,551,28480,10355,957,0,1269
CELL_01515,11920,606,30122,12424,680,0,982
CELL_01516,14348,930,30997,8577,904,0,878
CELL_01517,12957,1182,26673,14008,711,0,1093
CELL_01518,13588,1153,28794,11100,918,0,1132
CELL_01519,13003,1348,27609,12819,886,0,834
CELL_01520,15209,1017,26933,11564,837,0,807
CELL_01521,13817,2027,25359,13398,988,0,798
CELL_01522,13395,1446,27981,11853,793,0,1384
CELL_01523,14362,996,27553,11918,670,0,1211
CELL_01524,12904,860,29070,11754,979,0,1475
CELL_01525,13485,1145,28079,12146,692,0,1141
CELL_01526,14027,933,26254,13483,669,0,644
CELL_01527,13376,878,28404,12032,787,0,721
CELL_01528,12757,1097,27311,13566,620,0,694
CELL_01529,14409,1017,28087,11103,715,0,1206
CELL_01530,12871,1358,29904,10511,741,0,1120
CELL_01531,13518,1088,26956,13137,676,0,1320
CELL_01532,13794,1291,26432,13093,716,0,329
CELL_01533,14265,846,29441,9765,892,0,1037
CELL_01534,13840,1162,27052,12306,780,0,831
CELL_01535,14603,619,27988,11230,740,0,1281
CELL_01536,14765,943,26182,12445,815,0,1148
CELL_01537,14941,913,27434,11065,777,0,1143
CELL_01538,12059,1059,29239,12041,763,0,412
CELL_01539,13776,591,28896,11016,845,0,988
CELL_01540,11882,1096,27277,14074,880,0,512
CELL_01541,14581,900,28649,10213,727,0,871
CELL_01542,13706,931,28066,11514,945,0,710
CELL_01543,13702,950,26064,13490,851,0,910
CELL_01544,13368,1630,23379,15954,670,0,862
CELL_01545,13443,1052,25818,13894,793,0,844
CELL_01546,14309,898,25560,13423,784,0,741
CELL_01547,14044,1406,26331,12440,606,0,723
CELL_01548,11875,812,28109,13368,578,0,1061
CELL_01549,13208,1315,28254,11271,655,0,970
CELL_01550,14160,985,28934,9835,957,0,1143
CELL_01551,12137,538,35065,6093,834,0,965
CELL_01552,13490,907,27315,12017,929,0,1202
CELL_01553,12074,1403,27091,13600,725,0,579
CELL_01554,12481,1490,26569,13655,492,0,2691
CELL_01555,14534,1427,25535,12604,581,0,1018
CELL_01556,13639,740,29509,9583,1062,0,1123
CELL_01557,14199,735,27232,11641,798,0,557
CELL_01558,11762,1033,30338,10784,709,0,912
CELL_01559,13336,1234,24881,14445,683,0,728
CELL_01560,14038,881,28293,10234,1021,0,744
CELL_01561,13902,942,27598,11314,914,0,922
CELL_01562,13848,937,26856,12256,744,0,506
CELL_01563,12847,1416,26245,13233,789,0,536
CELL_01564,13845,888,13096,26434,127,0,3399
CELL_01565,13527,1524,26104,12461,719,0,900
CELL_01566,14069,1650,21754,16264,638,0,991
CELL_01567,12911,1371,27771,11739,696,0,986
CELL_01568,13279,827,26721,12466,1037,0,1198
CELL_01569,14591,976,26549,11539,702,0,1022
CELL_01570,13168,975,28963,10673,665,0,522
CELL_01571,14153,979,25807,12697,763,0,1314
CELL_01572,11625,1071,29831,12664,852,0,751
CELL_01573,13894,1009,27914,10639,760,0,719
CELL_01574,12635,1469,28122,11444,795,0,657
CELL_01575,12160,927,28231,11926,976,0,667
CELL_01576,12784,1279,27514,11950,756,0,1207
CELL_01577,12722,1065,27856,11711,690,0,1323
CELL_01578,14477,607,27624,10661,803,0,657
CELL_01579,13927,1138,26292,12080,732,0,358
CELL_01580,12662,1428,24526,14924,486,0,1656
CELL_01581,13448,1115,27576,10920,974,0,1012
CELL_01582,12261,728,28529,11866,667,0,842
CELL_01583,12491,964,27752,12008,952,0,1230
CELL_01584,11893,978,27301,12966,791,0,513
CELL_01585,13639,800,25993,12640,791,0,783
CELL_01586,13668,813,26841,11919,869,0,1169
CELL_01587,11882,1233,25128,14991,642,0,2701
CELL_01588,13956,829,28263,10233,694,0,587
CELL_01589,14016,856,27356,10845,797,0,3205
CELL_01590,14277,696,27550,10743,658,0,1426
CELL_01591,14393,1178,26597,10861,799,0,883
CELL_01592,12437,895,28552,11130,752,0,1787
CELL_01593,13105,2195,24827,13197,591,0,650
CELL_01594,12468,1053,30706,8634,818,0,962
CELL_01595,13751,910,28178,10554,781,0,1023
CELL_01596,13700,1170,24371,13839,679,0,2978
CELL_01597,13406,868,25319,13336,670,0,1146
CELL_01598,14487,807,28684,8811,846,0,783
CELL_01599,14007,1223,25237,12332,773,0,764
CELL_01600,12783,1328,26833,12099,808,0,997
CELL_01601,13573,1539,24643,13208,688,0,621
CELL_01602,13879,769,27117,11173,798,0,922
CELL_01603,13936,1005,26132,11668,805,0,992
CELL_01604,13531,1196,26175,12403,605,0,840
CELL_01605,12216,1807,26338,12456,680,0,1487
CELL_01606,12729,1442,27515,10963,726,0,1536
CELL_01607,12879,755,28909,10053,899,0,879
CELL_01608,12538,866,28469,10985,614,0,1214
CELL_01609,13258,796,28374,10222,762,0,1034
CELL_01610,14454,983,24388,12937,669,0,924
CELL_01611,11879,1045,27780,12129,738,0,793
CELL_01612,13626,879,27656,10486,689,0,1136
CELL_01613,14814,1077,26317,10311,864,0,1247
CELL_01614,14342,518,28555,9229,861,0,1075
CELL_01615,13098,979,19804,19311,322,0,2980
CELL_01616,11345,1037,29396,11022,652,0,952
CELL_01617,11979,876,26426,13482,783,0,1209
CELL_01618,13726,718,25217,12896,779,0,823
CELL_01619,13514,1356,27370,10350,734,0,723
CELL_01620,14403,789,29085,8068,826,0,2106
CELL_01621,11952,1060,26871,12647,680,0,1260
CELL_01622,12961,1104,25189,12929,898,0,569
CELL_01623,11906,1204,24475,14818,776,0,1006
CELL_01624,12565,1345,23358,15264,755,0,1347
CELL_01625,12879,1056,25639,12866,578,0,834
CELL_01626,13181,2298,25361,11478,601,0,1285
CELL_01627,10918,902,34499,5715,894,0,1384
CELL_01628,12038,1024,25899,13628,411,0,12265
CELL_01629,14822,768,26155,10412,709,0,832
CELL_01630,13625,739,26523,11195,713,0,1492
CELL_01631,13010,1348,24547,13240,740,0,469
CELL_01632,13443,1499,25564,11924,603,0,694
CELL_01633,11379,525,35587,4446,971,0,534
CELL_01634,12497,1153,29812,8344,1029,0,640
CELL_01635,12055,1235,27891,11110,707,0,487
CELL_01636,12433,1621,24093,13943,731,0,857
CELL_01637,11927,1773,27415,11387,548,0,1175
CELL_01638,13531,1059,27629,9584,829,0,1284
CELL_01639,12117,1209,24790,13651,872,0,993
CELL_01640,10941,436,35840,4235,1223,0,769
CELL_01641,11538,736,27479,12186,698,0,912
CELL_01642,13721,557,26182,11389,618,0,1199
CELL_01643,13833,1360,22737,14462,608,0,491
CELL_01644,13844,799,27117,10033,741,0,1061
CELL_01645,13359,753,25709,12039,888,0,758
CELL_01646,13497,1095,25808,11487,658,0,1009
CELL_01647,13376,829,26072,11431,729,0,1145
CELL_01648,11442,863,31686,7476,961,0,1100
CELL_01649,14122,941,25568,11133,790,0,1426
CELL_01650,12844,1515,25322,12246,574,0,1451
CELL_01651,13854,935,27896,9106,719,0,487
CELL_01652,13479,623,27969,9888,715,0,646
CELL_01653,12576,1080,26854,11123,670,0,628
CELL_01654,12759,845,27878,10188,657,0,1073
CELL_01655,12488,1407,24198,13676,806,0,1165
CELL_01656,12086,1296,26054,12040,803,0,557
CELL_01657,14616,674,25310,10802,839,0,800
CELL_01658,13260,1088,25503,11836,622,0,673
CELL_01659,11382,1009,29183,9812,859,0,1486
CELL_01660,14030,1167,25817,10492,800,0,582
CELL_01661,13934,1128,24423,12015,718,0,584
CELL_01662,12683,1586,23841,13606,622,0,1267
CELL_01663,13876,801,27881,8854,676,0,1489
CELL_01664,12305,1028,28384,9554,925,0,1279
CELL_01665,11662,1032,24965,13543,961,0,1114
CELL_01666,12630,871,27820,10111,644,0,882
CELL_01667,12198,1368,28233,9523,759,0,562
CELL_01668,11667,959,28459,9954,894,0,462
CELL_01669,13230,783,27788,9314,875,0,1333
CELL_01670,13056,1030,24773,12245,775,0,701
CELL_01671,12754,1110,27170,10322,734,0,1227
CELL_01672,10620,731,35636,4113,937,0,1011
CELL_01673,12195,1129,25916,11921,663,0,608
CELL_01674,12539,1393,24029,13279,652,0,510
CELL_01675,13067,778,27756,9546,674,0,1365
CELL_01676,11965,1054,25061,13001,748,0,931
CELL_01677,12079,1338,27113,10762,609,0,858
CELL_01678,12640,997,27971,9298,934,0,620
CELL_01679,13683,764,27644,8720,738,0,1124
CELL_01680,12326,709,27842,9842,957,0,1117
CELL_01681,11822,1181,25713,12337,657,0,1810
CELL_01682,12671,855,25939,11672,709,0,1346
CELL_01683,12830,1008,23986,13019,660,0,1084
CELL_01684,12002,1753,21310,15943,619,0,849
CELL_01685,13777,1029,24235,11770,672,0,783
CELL_01686,14561,964,23990,11130,836,0,873
CELL_01687,13200,1184,22757,13697,643,0,907
CELL_01688,12109,2238,23568,12807,510,0,1310
CELL_01689,13154,1393,23197,12827,670,0,1005
CELL_01690,12850,629,31216,5719,922,0,1079
CELL_01691,12070,1151,23038,14508,520,0,737
CELL_01692,11340,884,25612,12715,700,0,840
CELL_01693,13429,567,28450,8074,874,0,909
CELL_01694,12056,1001,22721,14801,668,0,592
CELL_01695,13158,717,26647,9839,706,0,464
CELL_01696,12787,1407,19184,17161,563,0,1698
CELL_01697,12750,1494,21947,14354,571,0,1091
CELL_01698,13576,794,24914,11061,700,0,1136
CELL_01699,11921,788,25294,12409,758,0,690
CELL_01700,11433,1725,27175,9981,715,0,780
CELL_01701,12198,636,31854,5127,1366,0,1033
CELL_01702,13718,754,26890,8640,903,0,1412
CELL_01703,12693,1396,22643,13362,913,0,662
CELL_01704,11127,918,26647,11629,755,0,1505
CELL_01705,12812,880,25060,11670,567,0,1082
CELL_01706,11854,901,24512,13072,586,0,778
CELL_01707,11577,1706,20995,16066,481,0,1252
CELL_01708,11900,908,27768,10002,715,0,1141
CELL_01709,13459,936,25283,10268,945,0,890
CELL_01710,12774,1098,25724,10968,572,0,850
CELL_01711,11999,908,25402,11523,873,0,969
CELL_01712,12246,988,24173,12927,643,0,900
CELL_01713,13148,988,24042,11775,710,0,1317
CELL_01714,11417,1469,21880,15056,666,0,1234
CELL_01715,11704,942,24262,13042,579,0,1024
CELL_01716,11702,1014,27052,10229,744,0,877
CELL_01717,12359,812,23358,13416,643,0,1023
CELL_01718,12157,1136,24608,11899,699,0,758
CELL_01719,11677,958,26465,10353,954,0,552
CELL_01720,12246,656,24854,11949,730,0,1037
CELL_01721,11813,1028,27013,9814,748,0,836
CELL_01722,12174,1270,24746,11810,422,0,1017
CELL_01723,12465,1331,24042,11983,656,0,862
CELL_01724,12132,928,26058,10595,742,0,678
CELL_01725,12101,1572,24396,11490,860,0,788
CELL_01726,13127,582,26444,9483,813,0,540
CELL_01727,13407,917,24179,10985,650,0,793
CELL_01728,13190,749,23939,11655,634,0,658
CELL_01729,11201,1342,23352,15121,819,0,653
CELL_01730,12226,1791,23406,12190,564,0,644
CELL_01731,12875,68,36380,144,583,0,0
CELL_01732,13481,840,23442,11719,587,0,694
CELL_01733,11885,1039,25823,10757,638,0,777
CELL_01734,11590,794,26247,10584,862,0,910
CELL_01735,11895,787,23062,13438,565,0,1121
CELL_01736,12176,1539,22993,12535,689,0,660
CELL_01737,12446,678,24520,11660,659,0,904
CELL_01738,12332,1211,24188,11620,668,0,924
CELL_01739,12660,928,23519,12099,591,0,1636
CELL_01740,10692,463,34555,2881,1216,0,1596
CELL_01741,11651,792,27281,9822,429,0,820
CELL_01742,13194,919,24630,10458,677,0,1182
CELL_01743,12968,730,24037,11247,745,0,1323
CELL_01744,12339,1111,25408,10158,849,0,950
CELL_01745,13406,971,24861,9742,747,0,933
CELL_01746,11653,856,26421,10065,716,0,1034
CELL_01747,11109,671,24966,12355,604,0,851
CELL_01748,13619,879,23782,10779,652,0,727
CELL_01749,12179,1229,18714,17216,380,0,1369
CELL_01750,11469,745,23518,13314,635,0,666
CELL_01751,11810,1140,24519,11483,732,0,928
CELL_01752,13733,1018,23486,10571,671,0,365
CELL_01753,12435,1564,24026,10807,638,0,766
CELL_01754,11689,1066,24760,11323,685,0,1793
CELL_01755,11825,1783,23834,11439,634,0,880
CELL_01756,12217,702,26363,9520,712,0,901
CELL_01757,12552,528,26719,8959,738,0,582
CELL_01758,12699,555,29673,5712,949,0,1029
CELL_01759,11348,846,23345,13394,648,0,953
CELL_01760,12858,739,23660,11674,497,0,709
CELL_01761,12827,624,25089,10201,662,0,1199
CELL_01762,12976,1060,22368,12429,700,0,531
CELL_01763,12744,726,23759,11558,659,0,1168
CELL_01764,12215,679,27636,8059,804,0,632
CELL_01765,13741,751,24043,10143,742,0,501
CELL_01766,10866,637,29223,7651,856,0,1515
CELL_01767,14838,580,23887,9333,680,0,984
CELL_01768,13279,921,24413,10007,650,0,710
CELL_01769,17280,1098,20604,9814,477,0,844
CELL_01770,11949,743,25719,10397,690,0,870
CELL_01771,12392,1340,23790,11024,682,0,796
CELL_01772,11893,837,23656,12162,645,0,1209
CELL_01773,11043,576,28600,8089,879,0,1912
CELL_01774,11981,862,25194,10495,615,0,1027
CELL_01775,11854,551,24697,11361,683,0,1264
CELL_01776,11421,1394,21627,14155,546,0,1102
CELL_01777,12011,947,24630,10792,711,0,809
CELL_01778,11446,1601,18856,16608,471,0,1592
CELL_01779,12038,1163,24923,10040,760,0,841
CELL_01780,11917,1190,22543,12694,706,0,952
CELL_01781,11699,895,22288,13444,614,0,1148
CELL_01782,12332,891,22042,12967,621,0,750
CELL_01783,12784,832,23603,11190,633,0,955
CELL_01784,11973,896,23726,11410,873,0,820
CELL_01785,10558,614,29866,6967,929,0,699
CELL_01786,11761,774,25635,10026,717,0,721
CELL_01787,12629,822,23706,10805,763,0,464
CELL_01788,11126,769,27823,8080,818,0,1176
CELL_01789,12087,1003,25325,9462,705,0,836
CELL_01790,11769,549,24156,11567,617,0,1107
CELL_01791,12889,808,23889,10544,602,0,1542
CELL_01792,12222,627,25651,9436,982,0,830
CELL_01793,9622,281,37018,488,1167,0,180
CELL_01794,10685,1065,28205,8027,597,0,743
CELL_01795,11736,1409,22957,11836,616,0,1002
CELL_01796,10407,761,30244,6244,890,0,849
CELL_01797,11098,1265,23860,11780,480,0,979
CELL_01798,12514,1295,21978,11990,713,0,742
CELL_01799,12289,1251,24133,9698,1010,0,598
CELL_01800,11192,1011,24417,11160,756,0,483
CELL_01801,11313,731,23712,12076,485,0,1126
CELL_01802,9252,152,37038,467,1377,0,862
CELL_01803,11763,1155,20796,14188,657,0,942
CELL_01804,10031,3526,18697,16006,223,0,3227
CELL_01805,12814,801,23014,11002,663,0,732
CELL_01806,12748,716,22181,11845,611,0,721
CELL_01807,12248,1076,23477,10604,698,0,680
CELL_01808,11530,718,22157,13120,657,0,818
CELL_01809,11353,807,27305,8089,727,0,843
CELL_01810,12017,792,23245,11059,872,0,653
CELL_01811,12534,1039,23431,10287,673,0,1391
CELL_01812,10892,794,25755,9855,713,0,310
CELL_01813,11100,1424,18898,15912,467,0,1975
CELL_01814,10169,1055,26197,9660,927,0,704
CELL_01815,12026,730,23194,11292,603,0,809
CELL_01816,11704,850,29329,4946,918,0,1071
CELL_01817,12594,1011,21610,12070,454,0,552
CELL_01818,10975,949,22907,12431,467,0,1540
CELL_01819,11723,911,24235,10319,627,0,773
CELL_01820,11708,1480,22135,12037,483,0,601
CELL_01821,11293,1364,23662,10838,623,0,711
CELL_01822,12527,829,22884,10789,706,0,1048
CELL_01823,10801,775,24709,10664,788,0,1015
CELL_01824,11016,1091,24159,10742,674,0,595
CELL_01825,11207,1397,20970,13581,455,0,1017
CELL_01826,12116,934,21973,12523,401,0,598
CELL_01827,11929,1680,23450,9755,768,0,750
CELL_01828,12040,598,25235,8851,737,0,927
CELL_01829,12802,943,21066,12196,519,0,858
CELL_01830,12624,798,21947,11643,509,0,902
CELL_01831,12951,603,23823,9319,749,0,1177
CELL_01832,11913,1321,21031,12533,566,0,416
CELL_01833,12594,1209,19736,13180,590,0,632
CELL_01834,13438,610,24844,7678,847,0,471
CELL_01835,11304,556,23961,10810,781,0,1083
CELL_01836,10623,605,29056,6127,839,0,684
CELL_01837,12168,747,23837,9832,584,0,1521
CELL_01838,11534,1636,21686,11743,575,0,1425
CELL_01839,11332,1085,15763,18730,262,0,3092
CELL_01840,12521,664,24295,9160,675,0,628
CELL_01841,10270,1015,25134,9995,689,0,724
CELL_01842,11310,1163,22948,11298,533,0,590
CELL_01843,11143,1335,19512,14555,566,0,698
CELL_01844,10815,901,24881,9675,730,0,648
CELL_01845,11370,1021,27136,6651,955,0,933
CELL_01846,12354,561,25603,7955,574,0,718
CELL_01847,11969,903,22421,11106,685,0,681
CELL_01848,12325,832,23312,9938,718,0,836
CELL_01849,10649,824,24758,10034,935,0,599
CELL_01850,11213,941,23217,11024,638,0,1148
CELL_01851,11211,1605,21454,12117,657,0,857
CELL_01852,12128,507,25345,8264,655,0,686
CELL_01853,10752,1027,22607,11990,488,0,919
CELL_01854,12015,1082,21827,11295,574,0,493
CELL_01855,10749,733,24263,10298,881,0,990
CELL_01856,11911,651,23560,10018,647,0,1266
CELL_01857,12458,735,23077,9982,601,0,431
CELL_01858,11889,744,19700,13844,586,0,503
CELL_01859,10653,872,23152,11246,666,0,799
CELL_01860,11680,773,20488,13068,497,0,948
CELL_01861,11703,853,22800,10662,752,0,469
CELL_01862,12369,563,25172,7728,732,0,821
CELL_01863,10855,587,25847,8783,778,0,738
CELL_01864,11544,998,19186,14059,613,0,1582
CELL_01865,10956,796,24713,9193,798,0,698
CELL_01866,12443,762,23094,9453,704,0,1006
CELL_01867,10643,219,33621,524,1395,0,33
CELL_01868,10702,512,30765,3811,856,0,470
CELL_01869,12020,576,24111,8942,742,0,558
CELL_01870,11696,988,23322,9430,781,0,453
CELL_01871,12062,1017,21984,10757,461,0,442
CELL_01872,10386,1193,24654,9354,775,0,596
CELL_01873,10443,1056,23364,10943,404,0,965
CELL_01874,10932,773,20750,13551,496,0,1104
CELL_01875,10079,1279,24804,9391,627,0,946
CELL_01876,10544,812,24144,10030,634,0,585
CELL_01877,10655,1315,19734,13908,424,0,615
CELL_01878,12035,861,22422,9925,711,0,1183
CELL_01879,11401,758,22028,11151,596,0,1853
CELL_01880,11546,998,22970,9703,784,0,981
CELL_01881,10054,803,24156,10180,856,0,411
CELL_01882,11952,824,23813,8760,611,0,849
CELL_01883,11735,758,20793,11826,743,0,726
CELL_01884,12031,557,24910,7702,826,0,825
CELL_01885,11337,640,23766,9757,545,0,1089
CELL_01886,11040,1693,15171,17737,219,0,2909
CELL_01887,10700,1350,21703,11414,602,0,888
CELL_01888,11514,989,22936,9782,685,0,639
CELL_01889,12445,735,23091,8789,823,0,830
CELL_01890,9205,478,32186,3186,696,0,640
CELL_01891,11948,1066,20817,11296,545,0,704
CELL_01892,12118,919,20910,11146,492,0,634
CELL_01893,11854,707,22635,9952,730,0,1318
CELL_01894,9816,3082,13264,19195,272,0,1246
CELL_01895,10851,679,23314,9912,747,0,795
CELL_01896,11910,784,21931,10422,564,0,478
CELL_01897,12196,880,21596,10044,740,0,499
CELL_01898,12086,1006,19434,12473,476,0,1088
CELL_01899,12605,565,21487,10142,660,0,590
CELL_01900,11099,1144,21445,11347,531,0,790
CELL_01901,11337,926,21070,11681,578,0,700
CELL_01902,11676,918,19804,12512,572,0,735
CELL_01903,10478,972,23293,9938,656,0,841
CELL_01904,12337,47,32690,104,13,0,23
CELL_01905,10475,751,21779,11498,711,0,930
CELL_01906,11957,605,24109,7860,864,0,544
CELL_01907,10344,748,23083,10245,826,0,650
CELL_01908,11677,588,23429,8823,672,0,735
CELL_01909,10900,1465,21093,11116,489,0,633
CELL_01910,12707,737,21053,10018,589,0,641
CELL_01911,11262,1057,19718,12606,490,0,1229
CELL_01912,12378,796,21304,10064,640,0,1009
CELL_01913,10384,585,27304,5688,929,0,677
CELL_01914,11791,708,21901,9863,641,0,622
CELL_01915,10357,683,26647,6366,774,0,1417
CELL_01916,11327,1108,18701,13212,472,0,490
CELL_01917,11857,864,19849,12373,580,0,441
CELL_01918,10805,849,23243,8987,764,0,381
CELL_01919,10621,716,23059,9529,656,0,514
CELL_01920,10665,1107,21353,11116,481,0,1185
CELL_01921,10952,1367,20726,11059,544,0,780
CELL_01922,11916,959,22697,8480,656,0,994
CELL_01923,10119,635,22193,10776,727,0,537
CELL_01924,10284,769,20272,12650,449,0,537
CELL_01925,11399,1302,19397,11765,475,0,958
CELL_01926,10409,939,20832,11379,714,0,722
CELL_01927,10804,997,22678,9126,587,0,736
CELL_01928,9854,768,24416,8423,805,0,713
CELL_01929,10753,1390,17999,13483,511,0,1919
CELL_01930,10961,1038,20376,11322,494,0,1275
CELL_01931,10312,863,26798,5276,768,0,417
CELL_01932,9719,699,24104,8478,1008,0,620
CELL_01933,10642,1036,17149,14776,376,0,1063
CELL_01934,11907,919,19635,10784,622,0,484
CELL_01935,10205,937,19353,12949,497,0,877
CELL_01936,10536,807,21426,10513,580,0,943
CELL_01937,9867,1160,17186,15187,396,0,655
CELL_01938,12041,462,22462,8290,558,0,670
CELL_01939,9801,672,23196,9283,709,0,517
CELL_01940,9790,697,21544,11259,487,0,967
CELL_01941,9859,984,23048,9170,561,0,670
CELL_01942,9571,684,23218,9711,795,0,486
CELL_01943,10963,621,21208,10570,479,0,572
CELL_01944,10251,1101,20624,11054,635,0,597
CELL_01945,10810,1371,20311,10717,460,0,993
CELL_01946,10414,1017,21173,10260,619,0,1183
CELL_01947,11843,938,21530,8430,711,0,701
CELL_01948,11172,779,21228,9751,617,0,816
CELL_01949,9640,774,22046,10419,580,0,1229
CELL_01950,10171,964,21931,9627,781,0,510
CELL_01951,11202,798,20946,9897,596,0,736
CELL_01952,11654,657,22232,8271,580,0,478
CELL_01953,9864,771,23105,8928,718,0,575
CELL_01954,10236,816,22971,8684,926,0,660
CELL_01955,11350,894,21785,8576,627,0,476
CELL_01956,9770,1090,20938,10923,511,0,845
CELL_01957,11624,667,21618,8417,692,0,791
CELL_01958,10999,1062,19756,10571,583,0,799
CELL_01959,9957,2002,15994,14904,147,0,3260
CELL_01960,10461,724,19476,11747,538,0,331
CELL_01961,11057,696,20395,10225,567,0,765
CELL_01962,9670,829,20802,11011,589,0,827
CELL_01963,9588,801,21291,10229,742,0,492
CELL_01964,10416,985,21277,9296,819,0,265
CELL_01965,10202,677,21988,9186,648,0,999
CELL_01966,10152,985,21130,9656,674,0,935
CELL_01967,9717,489,26227,5181,830,0,1091
CELL_01968,11499,572,19832,9940,546,0,755
CELL_01969,10367,718,21044,9794,611,0,698
CELL_01970,10261,875,19476,11113,465,0,881
CELL_01971,11185,432,21347,8228,709,0,443
CELL_01972,9749,1056,19437,11080,548,0,515
CELL_01973,10104,673,20093,10375,523,0,842
CELL_01974,10137,863,20326,9830,689,0,518
CELL_01975,10715,917,17559,12048,534,0,813
CELL_01976,12189,135,28281,400,920,0,0
CELL_01977,9354,718,25419,5599,737,0,1187
CELL_01978,9506,1459,14659,15815,219,0,5310
CELL_01979,9593,913,21666,9003,520,0,527
CELL_01980,8575,838,25384,6460,528,0,993
CELL_01981,9894,1324,16502,13550,406,0,807
CELL_01982,9360,647,20371,10637,553,0,507
CELL_01983,9644,701,20402,10217,694,0,431
CELL_01984,8520,349,27422,4455,687,0,936
CELL_01985,10043,1121,19260,10721,502,0,922
CELL_01986,10212,1471,18604,10795,474,0,1088
CELL_01987,10211,1157,19509,10015,512,0,578
CELL_01988,9301,755,22052,8616,618,0,940
CELL_01989,10895,826,18341,10719,511,0,1011
CELL_01990,11267,586,18941,9656,497,0,625
CELL_01991,9962,1054,17133,12536,378,0,1142
CELL_01992,10493,579,19679,9726,522,0,1256
CELL_01993,10864,630,20245,8515,629,0,873
CELL_01994,11502,599,18799,9469,545,0,953
CELL_01995,9050,1367,19192,10714,568,0,878
CELL_01996,10738,980,18320,10183,499,0,649
CELL_01997,9285,607,25217,4944,610,0,1386
CELL_01998,8842,752,21552,9089,585,0,577
CELL_01999,9474,1334,12928,16467,269,0,1671
CELL_02000,9180,578,23662,6177,790,0,811
CELL_02001,8910,793,21824,8497,511,0,921
CELL_02002,9846,1046,19629,9345,419,0,423
CELL_02003,9642,947,19098,9947,683,0,918
CELL_02004,9966,515,22215,7193,626,0,479
CELL_02005,10106,926,11866,17100,175,0,1267
CELL_02006,11458,854,17881,9559,582,0,632
CELL_02007,10531,681,18265,9981,532,0,757
CELL_02008,9646,799,19016,10115,540,0,413
CELL_02009,10633,507,19741,8590,487,0,839
CELL_02010,9710,674,21881,6977,593,0,745
CELL_02011,9671,728,19668,9350,610,0,703
CELL_02012,7877,727,25653,4556,814,0,719
CELL_02013,10408,762,18306,9661,452,0,545
CELL_02014,9243,607,21145,8280,383,0,1407
CELL_02015,9733,1077,17568,10639,345,0,777
CELL_02016,9459,872,16033,12420,538,0,1419
CELL_02017,9957,811,17652,10276,490,0,869
CELL_02018,8615,1380,14924,13675,378,0,383
CELL_02019,10057,635,18380,9247,727,0,400
CELL_02020,10523,785,17655,9477,525,0,695
CELL_02021,9992,963,18577,9008,520,0,705
CELL_02022,10124,588,19636,8044,538,0,533
CELL_02023,8754,669,19335,9287,622,0,697
CELL_02024,8679,794,20640,7726,774,0,715
CELL_02025,10314,668,19755,7401,498,0,827
CELL_02026,8960,933,20093,7972,501,0,570
CELL_02027,9961,937,18206,8891,534,0,504
CELL_02028,9056,719,18810,9343,510,0,653
CELL_02029,10373,616,16158,10894,344,0,509
CELL_02030,8684,387,24138,4426,806,0,876
CELL_02031,9498,598,21394,6276,630,0,592
CELL_02032,8963,543,19822,8694,425,0,555
CELL_02033,8865,785,23685,4273,696,0,838
CELL_02034,8396,1784,14561,13116,207,0,3356
CELL_02035,9256,691,16607,11151,381,0,603
CELL_02036,8873,1354,22158,4628,582,0,2208
CELL_02037,9734,110,26675,395,835,0,295
CELL_02038,8290,394,24593,3498,664,0,423
CELL_02039,9527,378,19585,7169,656,0,806
CELL_02040,8426,526,20444,7482,445,0,1386
CELL_02041,9194,477,18966,8013,637,0,443
CELL_02042,9349,865,10449,16494,147,0,1859
CELL_02043,8511,801,18185,9003,631,0,631
CELL_02044,9816,613,16425,9542,537,0,192
CELL_02045,7909,685,20253,7373,698,0,1264
CELL_02046,9165,707,18241,8181,533,0,605
CELL_02047,8239,1121,18382,8594,434,0,620
CELL_02048,9625,537,17654,8296,557,0,785
CELL_02049,9746,452,16341,9283,505,0,1153
CELL_02050,7521,727,20651,7155,311,0,569
CELL_02051,9793,698,15643,9826,372,0,912
CELL_02052,8566,1217,17936,7996,420,0,699
CELL_02053,9600,741,15161,10155,343,0,984
CELL_02054,8079,680,17324,9667,506,0,698
CELL_02055,8707,983,15695,10314,378,0,1373
CELL_02056,8701,1039,16429,9356,478,0,413
CELL_02057,8293,539,19247,6994,622,0,514
CELL_02058,9269,769,15768,9525,464,0,989
CELL_02059,8480,1011,17885,7583,531,0,580
CELL_02060,6809,150,27115,299,1022,0,13
CELL_02061,7964,1019,15591,10554,378,0,358
CELL_02062,7928,312,20533,6175,509,0,717
CELL_02063,8296,491,21848,4080,579,0,846
CELL_02064,7742,625,20989,5206,841,0,1451
CELL_02065,8481,1259,10010,15297,215,0,2196
CELL_02066,8388,534,17410,8528,441,0,776
CELL_02067,9173,685,15048,9866,488,0,736
CELL_02068,7967,493,22016,3858,697,0,1244
CELL_02069,8160,474,20990,4861,587,0,857
CELL_02070,8503,876,13969,11281,333,0,1187
CELL_02071,7866,615,22276,3448,707,0,1225
CELL_02072,8786,1005,11768,13039,310,0,1354
CELL_02073,9138,1134,8367,15739,166,0,1456
CELL_02074,8680,597,17397,7445,480,0,492
CELL_02075,7451,464,21995,3635,608,0,590
CELL_02076,8156,678,17688,7149,512,0,588
CELL_02077,6819,452,22542,3440,626,0,848
CELL_02078,8121,662,12449,12419,222,0,835
CELL_02079,8105,1036,8042,16582,127,0,803
CELL_02080,7614,762,19767,5137,512,0,270
CELL_02081,8733,1039,10246,13504,213,0,705
CELL_02082,8132,424,16906,7387,547,0,548
CELL_02083,7437,706,13200,12092,324,0,548
CELL_02084,7956,701,16328,7764,623,0,325
CELL_02085,7236,698,16675,8091,440,0,1168
CELL_02086,8663,632,16175,7178,412,0,572
CELL_02087,8189,1187,10605,12957,174,0,1037
CELL_02088,8076,688,15369,8454,469,0,346
CELL_02089,7455,705,20952,3080,624,0,820
CELL_02090,8381,503,17284,6106,500,0,537
CELL_02091,7522,740,16255,7719,543,0,662
CELL_02092,8013,1249,13959,9060,385,0,749
CELL_02093,8219,579,15954,7074,526,0,443
CELL_02094,7590,651,14424,9465,361,0,1083
CELL_02095,9214,101,22485,385,225,0,0
CELL_02096,7848,983,8191,14248,118,0,1844
CELL_02097,7599,846,13954,8666,301,0,549
CELL_02098,6308,463,21119,3011,496,0,1187
CELL_02099,6466,398,20057,3535,719,0,292
CELL_02100,8278,688,13717,7890,408,0,232
CELL_02101,7341,654,13571,8987,289,0,1222
CELL_02102,7834,657,13602,8378,430,0,414
CELL_02103,6436,569,15765,7526,481,0,520
CELL_02104,7052,210,19850,2612,556,0,788
CELL_02105,6419,1222,13832,8594,153,0,1810
CELL_02106,7871,568,14465,6755,511,0,735
CELL_02107,6866,536,18865,2948,610,0,449
CELL_02108,6546,433,17071,4975,463,0,924
CELL_02109,7017,1007,13001,8107,353,0,514
CELL_02110,6734,1767,9595,10859,154,0,1792
CELL_02111,7122,407,16445,4505,397,0,512
CELL_02112,6822,1156,10000,10671,202,0,943
CELL_02113,6863,576,14160,6824,414,0,150
CELL_02114,6894,410,17987,2539,515,0,491
CELL_02115,6445,1555,6962,13203,92,0,1068
CELL_02116,5831,485,16953,4842,361,0,667
CELL_02117,6803,716,7547,13089,92,0,1227
CELL_02118,6591,341,16137,4603,521,0,520
CELL_02119,7010,683,13065,7060,359,0,450
CELL_02120,5746,617,18273,2684,594,0,592
CELL_02121,6993,1052,5675,14071,66,0,517
CELL_02122,7324,507,11216,7920,258,0,865
CELL_02123,6268,577,12603,7078,329,0,706
CELL_02124,5360,288,14221,6583,325,0,492
CELL_02125,5570,413,16560,3634,471,0,227
CELL_02126,6132,384,16198,3465,423,0,352
CELL_02127,6361,262,17585,1743,664,0,696
CELL_02128,5880,320,15989,3933,494,0,1730
CELL_02129,6233,385,13318,6377,235,0,792
CELL_02130,6527,276,13961,5340,415,0,436
CELL_02131,6486,993,9076,9868,151,0,982
CELL_02132,6023,820,8362,10525,124,0,1604
CELL_02133,6453,653,8244,9997,202,0,3654
CELL_02134,5801,87,18745,255,454,0,2
CELL_02135,5939,477,11207,7336,208,0,556
CELL_02136,6578,600,10651,7061,235,0,1169
CELL_02137,6601,825,6860,10692,120,0,1444
CELL_02138,6577,265,13666,4101,474,0,553
CELL_02139,6094,525,6895,11183,163,0,1748
CELL_02140,5507,705,13450,4414,230,0,504
CELL_02141,5580,460,13806,3665,506,0,848
CELL_02142,5590,656,7152,10355,113,0,1219
CELL_02143,6174,322,15126,1810,325,0,208
CELL_02144,5274,276,8689,9389,131,0,1138
CELL_02145,5896,86,17084,290,482,0,0
CELL_02146,6622,412,11922,4504,351,0,94
CELL_02147,5612,531,6696,10745,147,0,1613
CELL_02148,5525,323,11514,5976,252,0,426
CELL_02149,5738,640,8391,8561,176,0,1725
CELL_02150,6081,303,11642,5051,334,0,432
CELL_02151,6001,469,7159,9417,153,0,1425
CELL_02152,5118,143,15385,1989,398,0,191
CELL_02153,5849,930,4614,11403,59,0,780
CELL_02154,5631,76,16047,307,634,0,1
CELL_02155,5238,321,14421,2277,452,0,491
CELL_02156,4986,602,8240,8653,183,0,348
CELL_02157,5258,363,14353,2153,382,0,1139
CELL_02158,5391,321,11737,4747,382,0,189
CELL_02159,4784,441,14502,2343,363,0,488
CELL_02160,5608,757,6464,9057,152,0,1212
CELL_02161,5325,72,15823,239,539,0,1
CELL_02162,5687,361,13154,2334,373,0,376
CELL_02163,5462,397,6453,9260,70,0,1858
CELL_02164,4948,414,6129,9886,64,0,1720
CELL_02165,5277,471,9928,5351,261,0,793
CELL_02166,5564,558,11490,3432,315,0,1101
CELL_02167,4827,300,12726,3320,198,0,551
CELL_02168,4406,280,14311,1734,485,0,246
CELL_02169,5137,436,6410,8990,164,0,989
CELL_02170,4886,1122,5829,9124,127,0,407
CELL_02171,4832,447,11328,4116,268,0,503
CELL_02172,4993,1065,4766,10264,45,0,321
CELL_02173,5502,428,6054,9059,117,0,594
CELL_02174,5634,1099,3276,10927,30,0,637
CELL_02175,5337,536,5180,9687,144,0,1574
CELL_02176,4529,387,7503,8111,118,0,817
CELL_02177,3693,43,16094,112,292,0,1
CELL_02178,5167,713,5236,8892,36,0,860
CELL_02179,3427,631,11633,4218,106,0,3355
CELL_02180,4516,474,5572,8771,60,0,1198
CELL_02181,5226,49,13309,167,355,0,191
CELL_02182,4566,579,6302,7548,130,0,1309
CELL_02183,4898,772,4767,8259,75,0,799
CELL_02184,4550,208,9993,3674,277,0,920
CELL_02185,5407,71,12573,169,428,0,353
CELL_02186,4249,524,6300,7405,117,0,1357
CELL_02187,3821,363,11824,2207,291,0,610
CELL_02188,4212,178,11429,1959,357,0,87
CELL_02189,4600,983,6804,5506,142,0,1502
CELL_02190,4415,319,7807,4426,157,0,459
CELL_02191,3932,284,9505,2825,238,0,745
CELL_02192,3934,72,12413,87,79,0,3
CELL_02193,3630,253,9973,2308,281,0,333
CELL_02194,4287,34,10849,252,493,0,1
CELL_02195,2773,54,11751,190,402,0,76
CELL_02196,3445,199,9236,1599,249,0,251
CELL_02197,2810,74,11384,137,323,0,993
CELL_02198,3223,71,10834,117,272,0,8623
CELL_02199,3457,473,8091,2293,235,0,445
CELL_02200,3381,412,6010,4549,116,0,1015
