cell_id,number_of_filtered_gene,number_of_corrected_UMI,UMI_A_percentage,UMI_T_percentage,UMI_G_percentage,UMI_C_percentage
CELL_02200,0,3301,0,0,0,0,
CELL_02199,0,4449,0,0,0,0,
CELL_02196,0,5118,0,0,0,0,
CELL_02195,0,7297,0,0,0,0,
CELL_02191,0,5279,0,0,0,0,
CELL_02190,0,4305,0,0,0,0,
CELL_02187,0,6972,0,0,0,0,
CELL_02186,0,3998,0,0,0,0,
CELL_02183,0,2924,0,0,0,0,
CELL_02180,0,3518,0,0,0,0,
CELL_02179,0,7045,0,0,0,0,
CELL_02177,0,10432,0,0,0,0,
CELL_02175,0,3152,0,0,0,0,
CELL_02174,0,2013,0,0,0,0,
CELL_02173,0,3655,0,0,0,0,
CELL_02172,0,2876,0,0,0,0,
CELL_02170,0,3277,0,0,0,0,
CELL_02169,0,3928,0,0,0,0,
CELL_02168,0,7199,0,0,0,0,
CELL_02164,0,3570,0,0,0,0,
CELL_02159,0,8095,0,0,0,0,
CELL_02157,0,7984,0,0,0,0,
CELL_02155,0,7647,0,0,0,0,
CELL_02154,0,8839,0,0,0,0,
CELL_02185,0,6659,0,0,0,0,
CELL_02153,0,2860,0,0,0,0,
CELL_02152,0,8656,0,0,0,0,
CELL_02151,0,4140,0,0,0,0,
CELL_02150,0,6011,0,0,0,0,
CELL_02149,0,4983,0,0,0,0,
CELL_02148,0,6314,0,0,0,0,
CELL_02147,0,3939,0,0,0,0,
CELL_02146,0,6435,0,0,0,0,
CELL_02145,0,9220,0,0,0,0,
CELL_02143,0,7696,0,0,0,0,
CELL_02142,0,4351,0,0,0,0,
CELL_02141,0,7199,0,0,0,0,
CELL_02139,0,4063,0,0,0,0,
CELL_02138,0,7128,0,0,0,0,
CELL_02137,0,4141,0,0,0,0,
CELL_02136,0,5505,0,0,0,0,
CELL_02134,0,10169,0,0,0,0,
CELL_02132,0,4952,0,0,0,0,
CELL_02130,0,7493,0,0,0,0,
CELL_02128,0,8857,0,0,0,0,
CELL_02126,0,8959,0,0,0,0,
CELL_02121,0,3372,0,0,0,0,
CELL_02120,0,10495,0,0,0,0,
CELL_02117,0,4698,0,0,0,0,
CELL_02115,0,4169,0,0,0,0,
CELL_02114,0,9478,0,0,0,0,
CELL_02108,0,8431,0,0,0,0,
CELL_02107,0,10351,0,0,0,0,
CELL_02106,0,7583,0,0,0,0,
CELL_02105,0,7981,0,0,0,0,
CELL_02103,0,9114,0,0,0,0,
CELL_02102,0,7958,0,0,0,0,
CELL_02100,0,7154,0,0,0,0,
CELL_02099,0,11483,0,0,0,0,
CELL_02095,0,13767,0,0,0,0,
CELL_02093,0,8554,0,0,0,0,
CELL_02092,0,7888,0,0,0,0,
CELL_02090,0,9546,0,0,0,0,
CELL_02089,0,11202,0,0,0,0,
CELL_02088,0,8889,0,0,0,0,
CELL_02087,0,6266,0,0,0,0,
CELL_02086,0,8973,0,0,0,0,
CELL_02085,0,9572,0,0,0,0,
CELL_02084,0,9694,0,0,0,0,
CELL_02083,0,7833,0,0,0,0,
CELL_02082,0,9500,0,0,0,0,
CELL_02081,0,6310,0,0,0,0,
CELL_02076,0,9545,0,0,0,0,
CELL_02075,0,12355,0,0,0,0,
CELL_02074,0,10009,0,0,0,0,
CELL_02073,0,5040,0,0,0,0,
CELL_02072,0,7009,0,0,0,0,
CELL_02070,0,8038,0,0,0,0,
CELL_02069,0,11641,0,0,0,0,
CELL_02067,0,8497,0,0,0,0,
CELL_02065,0,6128,0,0,0,0,
CELL_02063,0,12140,0,0,0,0,
CELL_02061,0,9267,0,0,0,0,
CELL_02057,0,11405,0,0,0,0,
CELL_02056,0,9759,0,0,0,0,
CELL_02053,0,8589,0,0,0,0,
CELL_02052,0,10216,0,0,0,0,
CELL_02051,0,8550,0,0,0,0,
CELL_02049,0,9055,0,0,0,0,
CELL_02048,0,9799,0,0,0,0,
CELL_02046,0,9965,0,0,0,0,
CELL_02045,0,11521,0,0,0,0,
CELL_02042,0,6124,0,0,0,0,
CELL_02038,0,13294,0,0,0,0,
CELL_02037,0,14017,0,0,0,0,
CELL_02029,0,9162,0,0,0,0,
CELL_02027,0,10448,0,0,0,0,
CELL_02026,0,10616,0,0,0,0,
CELL_02024,0,12301,0,0,0,0,
CELL_02022,0,10830,0,0,0,0,
CELL_02034,0,8406,0,0,0,0,
CELL_02021,0,10522,0,0,0,0,
CELL_02019,0,10267,0,0,0,0,
CELL_02016,0,9370,0,0,0,0,
CELL_02014,0,12615,0,0,0,0,
CELL_02013,0,10344,0,0,0,0,
CELL_02012,0,14160,0,0,0,0,
CELL_02010,0,11383,0,0,0,0,
CELL_02009,0,10992,0,0,0,0,
CELL_02008,0,10959,0,0,0,0,
CELL_02007,0,10122,0,0,0,0,
CELL_02006,0,9817,0,0,0,0,
CELL_02003,0,11109,0,0,0,0,
CELL_02002,0,11193,0,0,0,0,
CELL_02001,0,12997,0,0,0,0,
CELL_02000,0,12807,0,0,0,0,
CELL_01999,0,7744,0,0,0,0,
CELL_01997,0,13757,0,0,0,0,
CELL_01996,0,10210,0,0,0,0,
CELL_01994,0,10733,0,0,0,0,
CELL_01993,0,11244,0,0,0,0,
CELL_01991,0,9969,0,0,0,0,
CELL_01990,0,10439,0,0,0,0,
CELL_01987,0,11623,0,0,0,0,
CELL_01985,0,11145,0,0,0,0,
CELL_01984,0,15729,0,0,0,0,
CELL_01983,0,12060,0,0,0,0,
CELL_01982,0,11944,0,0,0,0,
CELL_01981,0,9557,0,0,0,0,
CELL_01980,0,14624,0,0,0,0,
CELL_01979,0,12627,0,0,0,0,
CELL_01978,0,8835,0,0,0,0,
CELL_01976,0,14451,0,0,0,0,
CELL_02054,0,10193,0,0,0,0,
CELL_01975,0,9937,0,0,0,0,
CELL_01974,0,11674,0,0,0,0,
CELL_01972,0,10950,0,0,0,0,
CELL_01970,0,11420,0,0,0,0,
CELL_01969,0,10793,0,0,0,0,
CELL_01968,0,11107,0,0,0,0,
CELL_01967,0,14660,0,0,0,0,
CELL_01960,0,11296,0,0,0,0,
CELL_01959,0,8978,0,0,0,0,
CELL_01955,0,12229,0,0,0,0,
CELL_01953,0,13070,0,0,0,0,
CELL_01951,0,11777,0,0,0,0,
CELL_01948,0,11706,0,0,0,0,
CELL_01947,0,11873,0,0,0,0,
CELL_02036,0,12175,0,0,0,0,
CELL_01946,0,12188,0,0,0,0,
CELL_01944,0,12046,0,0,0,0,
CELL_01943,0,11173,0,0,0,0,
CELL_01940,0,12834,0,0,0,0,
CELL_01938,0,12266,0,0,0,0,
CELL_01937,0,10271,0,0,0,0,
CELL_01933,0,9529,0,0,0,0,
CELL_01930,0,11963,0,0,0,0,
CELL_01929,0,10388,0,0,0,0,
CELL_01928,0,14754,0,0,0,0,
CELL_01927,0,12836,0,0,0,0,
CELL_01926,0,11872,0,0,0,0,
CELL_01924,0,12070,0,0,0,0,
CELL_01921,0,12059,0,0,0,0,
CELL_01920,0,12375,0,0,0,0,
CELL_01918,0,13304,0,0,0,0,
CELL_01916,0,10668,0,0,0,0,
CELL_01915,0,15262,0,0,0,0,
CELL_01913,0,15310,0,0,0,0,
CELL_01912,0,12021,0,0,0,0,
CELL_01909,0,11976,0,0,0,0,
CELL_01908,0,13125,0,0,0,0,
CELL_01906,0,13277,0,0,0,0,
CELL_01903,0,12944,0,0,0,0,
CELL_01902,0,11069,0,0,0,0,
CELL_01901,0,11835,0,0,0,0,
CELL_01900,0,11986,0,0,0,0,
CELL_02028,0,11180,0,0,0,0,
CELL_01897,0,12028,0,0,0,0,
CELL_01957,0,12080,0,0,0,0,
CELL_01896,0,12186,0,0,0,0,
CELL_01891,0,11763,0,0,0,0,
CELL_01890,0,17902,0,0,0,0,
CELL_01889,0,12719,0,0,0,0,
CELL_01888,0,12977,0,0,0,0,
CELL_01887,0,12532,0,0,0,0,
CELL_01917,0,10891,0,0,0,0,
CELL_01886,0,9390,0,0,0,0,
CELL_01885,0,13575,0,0,0,0,
CELL_01884,0,13682,0,0,0,0,
CELL_01883,0,11852,0,0,0,0,
CELL_01882,0,12666,0,0,0,0,
CELL_01880,0,13278,0,0,0,0,
CELL_01879,0,12341,0,0,0,0,
CELL_01878,0,12398,0,0,0,0,
CELL_01876,0,14374,0,0,0,0,
CELL_01875,0,14833,0,0,0,0,
CELL_01874,0,11829,0,0,0,0,
CELL_02189,0,4081,0,0,0,0,
CELL_01873,0,14141,0,0,0,0,
CELL_01872,0,14739,0,0,0,0,
CELL_01871,0,12149,0,0,0,0,
CELL_01868,0,16758,0,0,0,0,
CELL_01895,0,13275,0,0,0,0,
CELL_01867,0,19002,0,0,0,0,
CELL_01865,0,14580,0,0,0,0,
CELL_01864,0,11447,0,0,0,0,
CELL_01863,0,15104,0,0,0,0,
CELL_01860,0,11800,0,0,0,0,
CELL_01859,0,13786,0,0,0,0,
CELL_01857,0,12987,0,0,0,0,
CELL_01855,0,14225,0,0,0,0,
CELL_01854,0,12356,0,0,0,0,
CELL_01853,0,13357,0,0,0,0,
CELL_01852,0,13925,0,0,0,0,
CELL_01850,0,13164,0,0,0,0,
CELL_01848,0,13025,0,0,0,0,
CELL_02188,0,6329,0,0,0,0,
CELL_01844,0,14435,0,0,0,0,
CELL_01838,0,12550,0,0,0,0,
CELL_01837,0,13123,0,0,0,0,
CELL_01836,0,16584,0,0,0,0,
CELL_02158,0,5278,0,0,0,0,
CELL_01835,0,13633,0,0,0,0,
CELL_01834,0,13537,0,0,0,0,
CELL_01833,0,10716,0,0,0,0,
CELL_02018,0,9048,0,0,0,0,
CELL_01831,0,13125,0,0,0,0,
CELL_01830,0,12242,0,0,0,0,
CELL_01829,0,11687,0,0,0,0,
CELL_01828,0,13975,0,0,0,0,
CELL_01826,0,12118,0,0,0,0,
CELL_01824,0,14138,0,0,0,0,
CELL_01823,0,14714,0,0,0,0,
CELL_01819,0,13642,0,0,0,0,
CELL_01818,0,13838,0,0,0,0,
CELL_01816,0,16262,0,0,0,0,
CELL_01815,0,13029,0,0,0,0,
CELL_01814,0,15877,0,0,0,0,
CELL_01986,0,10650,0,0,0,0,
CELL_01813,0,11332,0,0,0,0,
CELL_01822,0,12783,0,0,0,0,
CELL_01811,0,13160,0,0,0,0,
CELL_01809,0,14119,0,0,0,0,
CELL_01808,0,13075,0,0,0,0,
CELL_01805,0,12756,0,0,0,0,
CELL_01804,0,10737,0,0,0,0,
CELL_01802,0,22820,0,0,0,0,
CELL_01801,0,13692,0,0,0,0,
CELL_01800,0,14440,0,0,0,0,
CELL_01799,0,13709,0,0,0,0,
CELL_01798,0,12455,0,0,0,0,
CELL_01797,0,13825,0,0,0,0,
CELL_01796,0,17212,0,0,0,0,
CELL_01795,0,12987,0,0,0,0,
CELL_01794,0,15966,0,0,0,0,
CELL_01793,0,22513,0,0,0,0,
CELL_01792,0,14697,0,0,0,0,
CELL_01791,0,13143,0,0,0,0,
CELL_02064,0,11653,0,0,0,0,
CELL_01790,0,14086,0,0,0,0,
CELL_01787,0,13297,0,0,0,0,
CELL_01786,0,14077,0,0,0,0,
CELL_01785,0,16534,0,0,0,0,
CELL_01784,0,13170,0,0,0,0,
CELL_01783,0,13268,0,0,0,0,
CELL_01782,0,12073,0,0,0,0,
CELL_01780,0,13342,0,0,0,0,
CELL_01825,0,12594,0,0,0,0,
CELL_01779,0,14052,0,0,0,0,
CELL_01778,0,11073,0,0,0,0,
CELL_01776,0,12598,0,0,0,0,
CELL_01775,0,14270,0,0,0,0,
CELL_01774,0,14556,0,0,0,0,
CELL_02124,0,8539,0,0,0,0,
CELL_01772,0,13675,0,0,0,0,
CELL_01771,0,13210,0,0,0,0,
CELL_01769,0,11496,0,0,0,0,
CELL_01767,0,13269,0,0,0,0,
CELL_01765,0,13126,0,0,0,0,
CELL_01763,0,13259,0,0,0,0,
CELL_01761,0,13993,0,0,0,0,
CELL_01759,0,13505,0,0,0,0,
CELL_01758,0,15564,0,0,0,0,
CELL_01756,0,14265,0,0,0,0,
CELL_01755,0,13568,0,0,0,0,
CELL_01754,0,14300,0,0,0,0,
CELL_01753,0,13026,0,0,0,0,
CELL_01751,0,14612,0,0,0,0,
CELL_01750,0,13912,0,0,0,0,
CELL_01749,0,10459,0,0,0,0,
CELL_01746,0,15417,0,0,0,0,
CELL_01744,0,14781,0,0,0,0,
CELL_01741,0,15810,0,0,0,0,
CELL_00816,0,21172,0,0,0,0,
CELL_00815,0,19388,0,0,0,0,
CELL_01296,0,16192,0,0,0,0,
CELL_00653,0,24976,0,0,0,0,
CELL_01423,0,17137,0,0,0,0,
CELL_00809,0,22439,0,0,0,0,
CELL_00807,0,22975,0,0,0,0,
CELL_00718,0,23206,0,0,0,0,
CELL_01466,0,16848,0,0,0,0,
CELL_00800,0,22241,0,0,0,0,
CELL_01528,0,15824,0,0,0,0,
CELL_02015,0,9838,0,0,0,0,
CELL_01764,0,14866,0,0,0,0,
CELL_00793,0,20893,0,0,0,0,
CELL_00281,0,33006,0,0,0,0,
CELL_00788,0,24169,0,0,0,0,
CELL_00129,0,33988,0,0,0,0,
CELL_00808,0,20110,0,0,0,0,
CELL_00325,0,36303,0,0,0,0,
CELL_02079,0,4817,0,0,0,0,
CELL_00780,0,20366,0,0,0,0,
CELL_00778,0,24375,0,0,0,0,
CELL_00777,0,20716,0,0,0,0,
CELL_00307,0,31929,0,0,0,0,
CELL_00775,0,22016,0,0,0,0,
CELL_01025,0,19115,0,0,0,0,
CELL_00770,0,22804,0,0,0,0,
CELL_00768,0,25203,0,0,0,0,
CELL_00755,0,37777,0,0,0,0,
CELL_01932,0,14336,0,0,0,0,
CELL_00062,0,74186,0,0,0,0,
CELL_00752,0,20915,0,0,0,0,
CELL_01132,0,19020,0,0,0,0,
CELL_00750,0,23698,0,0,0,0,
CELL_00742,0,22606,0,0,0,0,
CELL_00479,0,25667,0,0,0,0,
CELL_00741,0,20731,0,0,0,0,
CELL_00739,0,24674,0,0,0,0,
CELL_01995,0,11260,0,0,0,0,
CELL_00641,0,25489,0,0,0,0,
CELL_00746,0,23520,0,0,0,0,
CELL_00953,0,25633,0,0,0,0,
CELL_00731,0,23598,0,0,0,0,
CELL_00814,0,21046,0,0,0,0,
CELL_01923,0,13010,0,0,0,0,
CELL_01006,0,19046,0,0,0,0,
CELL_01244,0,17226,0,0,0,0,
CELL_01721,0,16054,0,0,0,0,
CELL_00728,0,25663,0,0,0,0,
CELL_00726,0,22415,0,0,0,0,
CELL_00662,0,23822,0,0,0,0,
CELL_00080,0,61056,0,0,0,0,
CELL_00725,0,22475,0,0,0,0,
CELL_00724,0,21516,0,0,0,0,
CELL_00762,0,21693,0,0,0,0,
CELL_00719,0,22335,0,0,0,0,
CELL_00715,0,22463,0,0,0,0,
CELL_00295,0,31346,0,0,0,0,
CELL_01241,0,17225,0,0,0,0,
CELL_00706,0,22095,0,0,0,0,
CELL_01111,0,19772,0,0,0,0,
CELL_01546,0,14246,0,0,0,0,
CELL_00712,0,21311,0,0,0,0,
CELL_00733,0,24873,0,0,0,0,
CELL_00711,0,22413,0,0,0,0,
CELL_00985,0,19727,0,0,0,0,
CELL_00668,0,21597,0,0,0,0,
CELL_00710,0,23373,0,0,0,0,
CELL_00568,0,24129,0,0,0,0,
CELL_01576,0,15823,0,0,0,0,
CELL_00699,0,23148,0,0,0,0,
CELL_00698,0,21732,0,0,0,0,
CELL_00694,0,22316,0,0,0,0,
CELL_01218,0,15302,0,0,0,0,
CELL_00819,0,19881,0,0,0,0,
CELL_01615,0,12037,0,0,0,0,
CELL_00941,0,18856,0,0,0,0,
CELL_00859,0,17139,0,0,0,0,
CELL_00675,0,23260,0,0,0,0,
CELL_00806,0,21482,0,0,0,0,
CELL_01095,0,16932,0,0,0,0,
CELL_01339,0,16061,0,0,0,0,
CELL_00784,0,20839,0,0,0,0,
CELL_02192,0,8507,0,0,0,0,
CELL_00061,0,83924,0,0,0,0,
CELL_00717,0,23397,0,0,0,0,
CELL_00660,0,23266,0,0,0,0,
CELL_00684,0,21963,0,0,0,0,
CELL_00383,0,29321,0,0,0,0,
CELL_00659,0,22792,0,0,0,0,
CELL_00658,0,22434,0,0,0,0,
CELL_01365,0,14850,0,0,0,0,
CELL_00657,0,25340,0,0,0,0,
CELL_00987,0,19756,0,0,0,0,
CELL_00656,0,23388,0,0,0,0,
CELL_01124,0,18561,0,0,0,0,
CELL_01432,0,14523,0,0,0,0,
CELL_00058,0,67892,0,0,0,0,
CELL_00554,0,25509,0,0,0,0,
CELL_00466,0,27019,0,0,0,0,
CELL_01958,0,11187,0,0,0,0,
CELL_00758,0,20566,0,0,0,0,
CELL_00651,0,23641,0,0,0,0,
CELL_00648,0,23041,0,0,0,0,
CELL_00646,0,23123,0,0,0,0,
CELL_00997,0,18583,0,0,0,0,
CELL_00638,0,21786,0,0,0,0,
CELL_01904,0,18662,0,0,0,0,
CELL_00348,0,31999,0,0,0,0,
CELL_00635,0,26075,0,0,0,0,
CELL_00634,0,22656,0,0,0,0,
CELL_00829,0,21422,0,0,0,0,
CELL_01591,0,14825,0,0,0,0,
CELL_00633,0,26587,0,0,0,0,
CELL_00474,0,25854,0,0,0,0,
CELL_01614,0,15690,0,0,0,0,
CELL_00817,0,21209,0,0,0,0,
CELL_00631,0,24403,0,0,0,0,
CELL_00628,0,26960,0,0,0,0,
CELL_02135,0,6102,0,0,0,0,
CELL_00627,0,23691,0,0,0,0,
CELL_01789,0,14272,0,0,0,0,
CELL_01298,0,17583,0,0,0,0,
CELL_00624,0,24734,0,0,0,0,
CELL_00620,0,25486,0,0,0,0,
CELL_00618,0,23371,0,0,0,0,
CELL_00617,0,23940,0,0,0,0,
CELL_00767,0,22018,0,0,0,0,
CELL_00691,0,24952,0,0,0,0,
CELL_00614,0,25597,0,0,0,0,
CELL_00341,0,27746,0,0,0,0,
CELL_01056,0,19827,0,0,0,0,
CELL_00865,0,21588,0,0,0,0,
CELL_01194,0,19319,0,0,0,0,
CELL_01440,0,14574,0,0,0,0,
CELL_00605,0,25321,0,0,0,0,
CELL_00343,0,30936,0,0,0,0,
CELL_00830,0,20284,0,0,0,0,
CELL_00153,0,41603,0,0,0,0,
CELL_00603,0,24302,0,0,0,0,
CELL_01153,0,18631,0,0,0,0,
CELL_00284,0,33683,0,0,0,0,
CELL_00602,0,24063,0,0,0,0,
CELL_00655,0,22465,0,0,0,0,
CELL_00104,0,46522,0,0,0,0,
CELL_01122,0,18637,0,0,0,0,
CELL_00654,0,26650,0,0,0,0,
CELL_00049,0,90167,0,0,0,0,
CELL_00915,0,20171,0,0,0,0,
CELL_00592,0,24589,0,0,0,0,
CELL_00590,0,17745,0,0,0,0,
CELL_00681,0,20996,0,0,0,0,
CELL_01536,0,14204,0,0,0,0,
CELL_00583,0,24763,0,0,0,0,
CELL_00305,0,31970,0,0,0,0,
CELL_00582,0,23545,0,0,0,0,
CELL_00616,0,22361,0,0,0,0,
CELL_00581,0,26568,0,0,0,0,
CELL_00587,0,24230,0,0,0,0,
CELL_01058,0,17972,0,0,0,0,
CELL_00680,0,24166,0,0,0,0,
CELL_00376,0,32689,0,0,0,0,
CELL_00578,0,22348,0,0,0,0,
CELL_01073,0,26232,0,0,0,0,
CELL_00506,0,27129,0,0,0,0,
CELL_00381,0,30134,0,0,0,0,
CELL_00074,0,75460,0,0,0,0,
CELL_00781,0,20561,0,0,0,0,
CELL_01129,0,17439,0,0,0,0,
CELL_00455,0,21013,0,0,0,0,
CELL_00412,0,29129,0,0,0,0,
CELL_00805,0,22122,0,0,0,0,
CELL_01502,0,15856,0,0,0,0,
CELL_00564,0,24043,0,0,0,0,
CELL_01964,0,12373,0,0,0,0,
CELL_00645,0,21557,0,0,0,0,
CELL_00783,0,22266,0,0,0,0,
CELL_00010,0,183757,0,0,0,0,
CELL_00561,0,24845,0,0,0,0,
CELL_01426,0,19864,0,0,0,0,
CELL_00557,0,23465,0,0,0,0,
CELL_00555,0,27811,0,0,0,0,
CELL_00761,0,24270,0,0,0,0,
CELL_01403,0,17728,0,0,0,0,
CELL_02140,0,7502,0,0,0,0,
CELL_00552,0,24175,0,0,0,0,
CELL_00548,0,27620,0,0,0,0,
CELL_01057,0,20807,0,0,0,0,
CELL_00546,0,28414,0,0,0,0,
CELL_01898,0,11016,0,0,0,0,
CELL_00972,0,19826,0,0,0,0,
CELL_01008,0,21769,0,0,0,0,
CELL_00604,0,27620,0,0,0,0,
CELL_01371,0,17287,0,0,0,0,
CELL_00197,0,38531,0,0,0,0,
CELL_00311,0,31944,0,0,0,0,
CELL_00542,0,21894,0,0,0,0,
CELL_00537,0,27823,0,0,0,0,
CELL_00695,0,24541,0,0,0,0,
CELL_00536,0,29181,0,0,0,0,
CELL_00041,0,112930,0,0,0,0,
CELL_01126,0,19348,0,0,0,0,
CELL_00764,0,22296,0,0,0,0,
CELL_01027,0,18824,0,0,0,0,
CELL_00642,0,24549,0,0,0,0,
CELL_00535,0,22373,0,0,0,0,
CELL_00849,0,22843,0,0,0,0,
CELL_00803,0,22097,0,0,0,0,
CELL_01225,0,17169,0,0,0,0,
CELL_00532,0,26117,0,0,0,0,
CELL_01498,0,16130,0,0,0,0,
CELL_00797,0,24521,0,0,0,0,
CELL_00744,0,20053,0,0,0,0,
CELL_01229,0,17049,0,0,0,0,
CELL_01145,0,19462,0,0,0,0,
CELL_00531,0,24912,0,0,0,0,
CELL_00530,0,24546,0,0,0,0,
CELL_00877,0,19949,0,0,0,0,
CELL_00682,0,25209,0,0,0,0,
CELL_00528,0,23868,0,0,0,0,
CELL_00521,0,26579,0,0,0,0,
CELL_00520,0,22673,0,0,0,0,
CELL_00558,0,24130,0,0,0,0,
CELL_01656,0,15144,0,0,0,0,
CELL_00685,0,24187,0,0,0,0,
CELL_00782,0,21947,0,0,0,0,
CELL_00519,0,24930,0,0,0,0,
CELL_00394,0,27113,0,0,0,0,
CELL_01363,0,15579,0,0,0,0,
CELL_00516,0,24505,0,0,0,0,
CELL_00514,0,23413,0,0,0,0,
CELL_00511,0,25476,0,0,0,0,
CELL_00509,0,27006,0,0,0,0,
CELL_00569,0,24501,0,0,0,0,
CELL_01625,0,14009,0,0,0,0,
CELL_02060,0,16570,0,0,0,0,
CELL_00507,0,23539,0,0,0,0,
CELL_00729,0,24544,0,0,0,0,
CELL_00893,0,18789,0,0,0,0,
CELL_00789,0,20736,0,0,0,0,
CELL_00730,0,20697,0,0,0,0,
CELL_01272,0,14756,0,0,0,0,
CELL_01304,0,16616,0,0,0,0,
CELL_00538,0,24974,0,0,0,0,
CELL_01191,0,17400,0,0,0,0,
CELL_00504,0,26725,0,0,0,0,
CELL_00267,0,33064,0,0,0,0,
CELL_00502,0,26468,0,0,0,0,
CELL_00111,0,56310,0,0,0,0,
CELL_00500,0,27123,0,0,0,0,
CELL_00498,0,24606,0,0,0,0,
CELL_00369,0,31557,0,0,0,0,
CELL_01337,0,16078,0,0,0,0,
CELL_00264,0,30781,0,0,0,0,
CELL_00401,0,32789,0,0,0,0,
CELL_00490,0,25336,0,0,0,0,
CELL_00478,0,25330,0,0,0,0,
CELL_00779,0,21638,0,0,0,0,
CELL_00489,0,25560,0,0,0,0,
CELL_00241,0,37344,0,0,0,0,
CELL_01966,0,12183,0,0,0,0,
CELL_01433,0,15564,0,0,0,0,
CELL_00897,0,20911,0,0,0,0,
CELL_00487,0,26174,0,0,0,0,
CELL_00703,0,21806,0,0,0,0,
CELL_00497,0,25699,0,0,0,0,
CELL_01070,0,18006,0,0,0,0,
CELL_00486,0,23465,0,0,0,0,
CELL_01977,0,13972,0,0,0,0,
CELL_01962,0,12027,0,0,0,0,
CELL_00485,0,26163,0,0,0,0,
CELL_01610,0,13229,0,0,0,0,
CELL_00954,0,18769,0,0,0,0,
CELL_00483,0,24146,0,0,0,0,
CELL_00481,0,26227,0,0,0,0,
CELL_00477,0,28766,0,0,0,0,
CELL_00476,0,26965,0,0,0,0,
CELL_00748,0,21122,0,0,0,0,
CELL_00596,0,21573,0,0,0,0,
CELL_01166,0,17385,0,0,0,0,
CELL_00674,0,24001,0,0,0,0,
CELL_01232,0,17807,0,0,0,0,
CELL_00198,0,37272,0,0,0,0,
CELL_00794,0,20545,0,0,0,0,
CELL_00468,0,28729,0,0,0,0,
CELL_00467,0,27389,0,0,0,0,
CELL_00465,0,26777,0,0,0,0,
CELL_00792,0,23890,0,0,0,0,
CELL_01168,0,17864,0,0,0,0,
CELL_00464,0,24137,0,0,0,0,
CELL_01821,0,13654,0,0,0,0,
CELL_00796,0,21944,0,0,0,0,
CELL_00392,0,28967,0,0,0,0,
CELL_00672,0,21217,0,0,0,0,
CELL_00463,0,29924,0,0,0,0,
CELL_00950,0,17339,0,0,0,0,
CELL_00456,0,29398,0,0,0,0,
CELL_01688,0,14140,0,0,0,0,
CELL_00452,0,27630,0,0,0,0,
CELL_00450,0,28656,0,0,0,0,
CELL_00449,0,27503,0,0,0,0,
CELL_00623,0,24051,0,0,0,0,
CELL_00448,0,27331,0,0,0,0,
CELL_00144,0,43849,0,0,0,0,
CELL_00445,0,26792,0,0,0,0,
CELL_01866,0,12975,0,0,0,0,
CELL_00749,0,27268,0,0,0,0,
CELL_00052,0,100571,0,0,0,0,
CELL_00560,0,24732,0,0,0,0,
CELL_00319,0,31989,0,0,0,0,
CELL_00495,0,27445,0,0,0,0,
CELL_00723,0,22233,0,0,0,0,
CELL_00294,0,32409,0,0,0,0,
CELL_01846,0,14217,0,0,0,0,
CELL_00765,0,19864,0,0,0,0,
CELL_00513,0,26765,0,0,0,0,
CELL_00833,0,23162,0,0,0,0,
CELL_01345,0,18363,0,0,0,0,
CELL_01956,0,12243,0,0,0,0,
CELL_00647,0,24211,0,0,0,0,
CELL_01393,0,20553,0,0,0,0,
CELL_00438,0,27476,0,0,0,0,
CELL_00996,0,19562,0,0,0,0,
CELL_00565,0,24427,0,0,0,0,
CELL_00437,0,26308,0,0,0,0,
CELL_00436,0,31344,0,0,0,0,
CELL_01584,0,16330,0,0,0,0,
CELL_00434,0,30096,0,0,0,0,
CELL_00222,0,37772,0,0,0,0,
CELL_01186,0,18031,0,0,0,0,
CELL_00512,0,26312,0,0,0,0,
CELL_01668,0,16626,0,0,0,0,
CELL_00429,0,28427,0,0,0,0,
CELL_01212,0,18618,0,0,0,0,
CELL_00585,0,23895,0,0,0,0,
CELL_02178,0,3117,0,0,0,0,
CELL_00425,0,28192,0,0,0,0,
CELL_01757,0,15094,0,0,0,0,
CELL_01549,0,16286,0,0,0,0,
CELL_00763,0,21348,0,0,0,0,
CELL_01207,0,17160,0,0,0,0,
CELL_00423,0,27382,0,0,0,0,
CELL_01188,0,20016,0,0,0,0,
CELL_01308,0,17820,0,0,0,0,
CELL_00366,0,29403,0,0,0,0,
CELL_00431,0,29008,0,0,0,0,
CELL_00857,0,21901,0,0,0,0,
CELL_01107,0,17064,0,0,0,0,
CELL_01245,0,16202,0,0,0,0,
CELL_00416,0,27083,0,0,0,0,
CELL_00526,0,25282,0,0,0,0,
CELL_00060,0,76507,0,0,0,0,
CELL_02055,0,8636,0,0,0,0,
CELL_01817,0,11929,0,0,0,0,
CELL_00210,0,33888,0,0,0,0,
CELL_00415,0,29544,0,0,0,0,
CELL_00378,0,32232,0,0,0,0,
CELL_00414,0,27659,0,0,0,0,
CELL_00937,0,18328,0,0,0,0,
CELL_01522,0,16079,0,0,0,0,
CELL_00410,0,30033,0,0,0,0,
CELL_00709,0,23414,0,0,0,0,
CELL_01462,0,16372,0,0,0,0,
CELL_00598,0,22960,0,0,0,0,
CELL_01100,0,18947,0,0,0,0,
CELL_00462,0,27894,0,0,0,0,
CELL_01807,0,12626,0,0,0,0,
CELL_01456,0,16210,0,0,0,0,
CELL_01174,0,18413,0,0,0,0,
CELL_00409,0,25115,0,0,0,0,
CELL_01173,0,18062,0,0,0,0,
CELL_00447,0,25857,0,0,0,0,
CELL_01065,0,21553,0,0,0,0,
CELL_00679,0,20004,0,0,0,0,
CELL_01315,0,17202,0,0,0,0,
CELL_02035,0,9361,0,0,0,0,
CELL_00071,0,68775,0,0,0,0,
CELL_00367,0,33092,0,0,0,0,
CELL_01507,0,13853,0,0,0,0,
CELL_00194,0,39160,0,0,0,0,
CELL_01699,0,14564,0,0,0,0,
CELL_00186,0,45867,0,0,0,0,
CELL_00636,0,23982,0,0,0,0,
CELL_00804,0,21964,0,0,0,0,
CELL_00323,0,33490,0,0,0,0,
CELL_00184,0,36994,0,0,0,0,
CELL_00330,0,30302,0,0,0,0,
CELL_00543,0,25870,0,0,0,0,
CELL_01072,0,19495,0,0,0,0,
CELL_02162,0,6601,0,0,0,0,
CELL_00753,0,23868,0,0,0,0,
CELL_00181,0,34705,0,0,0,0,
CELL_00358,0,29845,0,0,0,0,
CELL_00328,0,29980,0,0,0,0,
CELL_00220,0,34171,0,0,0,0,
CELL_00096,0,68667,0,0,0,0,
CELL_01086,0,18781,0,0,0,0,
CELL_01593,0,13803,0,0,0,0,
CELL_00461,0,28001,0,0,0,0,
CELL_01143,0,20778,0,0,0,0,
CELL_01743,0,13563,0,0,0,0,
CELL_00266,0,35507,0,0,0,0,
CELL_00309,0,33395,0,0,0,0,
CELL_00621,0,26087,0,0,0,0,
CELL_00173,0,43414,0,0,0,0,
CELL_00141,0,41669,0,0,0,0,
CELL_00006,0,276089,0,0,0,0,
CELL_01760,0,13418,0,0,0,0,
CELL_00163,0,38401,0,0,0,0,
CELL_00122,0,43896,0,0,0,0,
CELL_00013,0,207868,0,0,0,0,
CELL_00215,0,36217,0,0,0,0,
CELL_01236,0,16146,0,0,0,0,
CELL_00161,0,35093,0,0,0,0,
CELL_01788,0,16151,0,0,0,0,
CELL_00069,0,68803,0,0,0,0,
CELL_00321,0,35102,0,0,0,0,
CELL_01806,0,12385,0,0,0,0,
CELL_01033,0,17219,0,0,0,0,
CELL_01189,0,20723,0,0,0,0,
CELL_01397,0,16894,0,0,0,0,
CELL_01533,0,16343,0,0,0,0,
CELL_00861,0,21144,0,0,0,0,
CELL_01638,0,15358,0,0,0,0,
CELL_00432,0,23674,0,0,0,0,
CELL_00517,0,28700,0,0,0,0,
CELL_00496,0,27619,0,0,0,0,
CELL_00826,0,23809,0,0,0,0,
CELL_00234,0,34533,0,0,0,0,
CELL_00610,0,26866,0,0,0,0,
CELL_01892,0,11408,0,0,0,0,
CELL_00156,0,33806,0,0,0,0,
CELL_00177,0,41003,0,0,0,0,
CELL_00643,0,22757,0,0,0,0,
CELL_01618,0,14070,0,0,0,0,
CELL_00902,0,20987,0,0,0,0,
CELL_00928,0,18829,0,0,0,0,
CELL_01580,0,14025,0,0,0,0,
CELL_00688,0,22001,0,0,0,0,
CELL_02039,0,10983,0,0,0,0,
CELL_00683,0,22843,0,0,0,0,
CELL_00589,0,25566,0,0,0,0,
CELL_00168,0,39879,0,0,0,0,
CELL_01185,0,17450,0,0,0,0,
CELL_00145,0,45026,0,0,0,0,
CELL_01171,0,20259,0,0,0,0,
CELL_00501,0,26191,0,0,0,0,
CELL_01566,0,12690,0,0,0,0,
CELL_00362,0,26906,0,0,0,0,
CELL_01919,0,13503,0,0,0,0,
CELL_00983,0,20700,0,0,0,0,
CELL_00864,0,19388,0,0,0,0,
CELL_00280,0,35088,0,0,0,0,
CELL_00015,0,191601,0,0,0,0,
CELL_00203,0,40360,0,0,0,0,
CELL_00459,0,27216,0,0,0,0,
CELL_00566,0,25612,0,0,0,0,
CELL_00055,0,85874,0,0,0,0,
CELL_00249,0,37441,0,0,0,0,
CELL_02125,0,9237,0,0,0,0,
CELL_00575,0,25921,0,0,0,0,
CELL_00008,0,216658,0,0,0,0,
CELL_00182,0,41833,0,0,0,0,
CELL_01675,0,15730,0,0,0,0,
CELL_00130,0,44484,0,0,0,0,
CELL_01856,0,13372,0,0,0,0,
CELL_00324,0,32380,0,0,0,0,
CELL_00209,0,39456,0,0,0,0,
CELL_01961,0,11487,0,0,0,0,
CELL_00128,0,49579,0,0,0,0,
CELL_01877,0,11815,0,0,0,0,
CELL_01861,0,12782,0,0,0,0,
CELL_01313,0,18206,0,0,0,0,
CELL_00126,0,50311,0,0,0,0,
CELL_00738,0,21847,0,0,0,0,
CELL_00881,0,20885,0,0,0,0,
CELL_00124,0,43502,0,0,0,0,
CELL_00600,0,25575,0,0,0,0,
CELL_00123,0,52915,0,0,0,0,
CELL_00214,0,36551,0,0,0,0,
CELL_00251,0,32076,0,0,0,0,
CELL_00771,0,21524,0,0,0,0,
CELL_01091,0,27832,0,0,0,0,
CELL_00379,0,29865,0,0,0,0,
CELL_00118,0,61162,0,0,0,0,
CELL_00790,0,19500,0,0,0,0,
CELL_00606,0,22677,0,0,0,0,
CELL_00016,0,188868,0,0,0,0,
CELL_00306,0,29230,0,0,0,0,
CELL_00225,0,36336,0,0,0,0,
CELL_00737,0,24594,0,0,0,0,
CELL_01508,0,19035,0,0,0,0,
CELL_00721,0,23332,0,0,0,0,
CELL_00133,0,46166,0,0,0,0,
CELL_00553,0,23801,0,0,0,0,
CELL_00206,0,35674,0,0,0,0,
CELL_00140,0,47847,0,0,0,0,
CELL_00873,0,20640,0,0,0,0,
CELL_02017,0,9620,0,0,0,0,
CELL_00686,0,22235,0,0,0,0,
CELL_00484,0,26846,0,0,0,0,
CELL_00253,0,29036,0,0,0,0,
CELL_01500,0,15756,0,0,0,0,
CELL_00786,0,21347,0,0,0,0,
CELL_00385,0,27141,0,0,0,0,
CELL_00243,0,36495,0,0,0,0,
CELL_00106,0,64143,0,0,0,0,
CELL_00422,0,28687,0,0,0,0,
CELL_01338,0,16615,0,0,0,0,
CELL_00404,0,27538,0,0,0,0,
CELL_00856,0,20376,0,0,0,0,
CELL_02156,0,4898,0,0,0,0,
CELL_00105,0,56136,0,0,0,0,
CELL_00756,0,23270,0,0,0,0,
CELL_00113,0,53907,0,0,0,0,
CELL_00335,0,30663,0,0,0,0,
CELL_00131,0,39826,0,0,0,0,
CELL_02181,0,6976,0,0,0,0,
CELL_01773,0,16526,0,0,0,0,
CELL_00922,0,21633,0,0,0,0,
CELL_01117,0,19485,0,0,0,0,
CELL_00396,0,27724,0,0,0,0,
CELL_00195,0,28899,0,0,0,0,
CELL_02198,0,6793,0,0,0,0,
CELL_00098,0,61076,0,0,0,0,
CELL_00608,0,25226,0,0,0,0,
CELL_00072,0,68771,0,0,0,0,
CELL_00185,0,36811,0,0,0,0,
CELL_01390,0,17345,0,0,0,0,
CELL_00048,0,89379,0,0,0,0,
CELL_00609,0,23095,0,0,0,0,
CELL_00043,0,95763,0,0,0,0,
CELL_01752,0,12833,0,0,0,0,
CELL_01694,0,12710,0,0,0,0,
CELL_00428,0,28783,0,0,0,0,
CELL_01698,0,13922,0,0,0,0,
CELL_00205,0,55083,0,0,0,0,
CELL_01009,0,19215,0,0,0,0,
CELL_01543,0,14676,0,0,0,0,
CELL_00139,0,42712,0,0,0,0,
CELL_01939,0,13703,0,0,0,0,
CELL_00208,0,38722,0,0,0,0,
CELL_00577,0,25224,0,0,0,0,
CELL_00196,0,39526,0,0,0,0,
CELL_01351,0,17986,0,0,0,0,
CELL_00350,0,31761,0,0,0,0,
CELL_01373,0,16949,0,0,0,0,
CELL_00451,0,29313,0,0,0,0,
CELL_02043,0,10241,0,0,0,0,
CELL_01644,0,15308,0,0,0,0,
CELL_00091,0,57880,0,0,0,0,
CELL_01347,0,15123,0,0,0,0,
CELL_00670,0,24206,0,0,0,0,
CELL_00078,0,71444,0,0,0,0,
CELL_01657,0,14000,0,0,0,0,
CELL_01658,0,14256,0,0,0,0,
CELL_00027,0,168616,0,0,0,0,
CELL_01529,0,15754,0,0,0,0,
CELL_00890,0,21849,0,0,0,0,
CELL_00313,0,31533,0,0,0,0,
CELL_00339,0,34049,0,0,0,0,
CELL_01311,0,16512,0,0,0,0,
CELL_00067,0,79200,0,0,0,0,
CELL_01202,0,16421,0,0,0,0,
CELL_00615,0,24240,0,0,0,0,
CELL_00515,0,25343,0,0,0,0,
CELL_02030,0,13799,0,0,0,0,
CELL_00522,0,24578,0,0,0,0,
CELL_01617,0,15704,0,0,0,0,
CELL_00357,0,26566,0,0,0,0,
CELL_00810,0,20378,0,0,0,0,
CELL_01515,0,17979,0,0,0,0,
CELL_00433,0,32192,0,0,0,0,
CELL_01762,0,12299,0,0,0,0,
CELL_00099,0,56351,0,0,0,0,
CELL_00268,0,24022,0,0,0,0,
CELL_00119,0,50204,0,0,0,0,
CELL_00518,0,21929,0,0,0,0,
CELL_00273,0,21266,0,0,0,0,
CELL_00023,0,127736,0,0,0,0,
CELL_00384,0,28700,0,0,0,0,
CELL_00812,0,20216,0,0,0,0,
CELL_01260,0,17638,0,0,0,0,
CELL_00302,0,35131,0,0,0,0,
CELL_00035,0,101593,0,0,0,0,
CELL_01626,0,14447,0,0,0,0,
CELL_00354,0,32054,0,0,0,0,
CELL_00676,0,24071,0,0,0,0,
CELL_00009,0,203898,0,0,0,0,
CELL_01893,0,12858,0,0,0,0,
CELL_00042,0,104556,0,0,0,0,
CELL_01097,0,16841,0,0,0,0,
CELL_00389,0,30430,0,0,0,0,
CELL_00102,0,59566,0,0,0,0,
CELL_00822,0,19398,0,0,0,0,
CELL_00312,0,32082,0,0,0,0,
CELL_00667,0,23816,0,0,0,0,
CELL_00377,0,31109,0,0,0,0,
CELL_01627,0,20035,0,0,0,0,
CELL_00303,0,30609,0,0,0,0,
CELL_00038,0,99359,0,0,0,0,
CELL_01289,0,15037,0,0,0,0,
CELL_00373,0,28445,0,0,0,0,
CELL_00540,0,26660,0,0,0,0,
CELL_02068,0,12047,0,0,0,0,
CELL_02041,0,10443,0,0,0,0,
CELL_00103,0,58460,0,0,0,0,
CELL_00004,0,326348,0,0,0,0,
CELL_00033,0,112911,0,0,0,0,
CELL_01689,0,13028,0,0,0,0,
CELL_00799,0,26052,0,0,0,0,
CELL_00390,0,29843,0,0,0,0,
CELL_00084,0,64958,0,0,0,0,
CELL_00387,0,27610,0,0,0,0,
CELL_00948,0,19259,0,0,0,0,
CELL_00057,0,77908,0,0,0,0,
CELL_00189,0,44413,0,0,0,0,
CELL_02165,0,5515,0,0,0,0,
CELL_01517,0,15356,0,0,0,0,
CELL_00547,0,24659,0,0,0,0,
CELL_01288,0,14125,0,0,0,0,
CELL_01945,0,11696,0,0,0,0,
CELL_00037,0,144698,0,0,0,0,
CELL_01105,0,18852,0,0,0,0,
CELL_02101,0,7653,0,0,0,0,
CELL_01198,0,18184,0,0,0,0,
CELL_00167,0,39943,0,0,0,0,
CELL_00046,0,73333,0,0,0,0,
CELL_00028,0,98539,0,0,0,0,
CELL_00171,0,45240,0,0,0,0,
CELL_00473,0,27873,0,0,0,0,
CELL_00165,0,48864,0,0,0,0,
CELL_00572,0,24486,0,0,0,0,
CELL_01585,0,14509,0,0,0,0,
CELL_00045,0,83332,0,0,0,0,
CELL_02112,0,6115,0,0,0,0,
CELL_00845,0,21061,0,0,0,0,
CELL_00766,0,21211,0,0,0,0,
CELL_02176,0,4562,0,0,0,0,
CELL_00318,0,31044,0,0,0,0,
CELL_00523,0,26675,0,0,0,0,
CELL_00021,0,171011,0,0,0,0,
CELL_00245,0,40458,0,0,0,0,
CELL_00696,0,24076,0,0,0,0,
CELL_01491,0,15633,0,0,0,0,
CELL_02110,0,5480,0,0,0,0,
CELL_00293,0,32646,0,0,0,0,
CELL_00236,0,32481,0,0,0,0,
CELL_00772,0,21764,0,0,0,0,
CELL_01632,0,14602,0,0,0,0,
CELL_00443,0,27151,0,0,0,0,
CELL_00063,0,71827,0,0,0,0,
CELL_00149,0,40911,0,0,0,0,
CELL_00644,0,23432,0,0,0,0,
CELL_01803,0,11656,0,0,0,0,
CELL_01300,0,16060,0,0,0,0,
CELL_01305,0,16483,0,0,0,0,
CELL_00036,0,117801,0,0,0,0,
CELL_00393,0,30848,0,0,0,0,
CELL_01748,0,13061,0,0,0,0,
CELL_00336,0,31442,0,0,0,0,
CELL_00480,0,25598,0,0,0,0,
CELL_00776,0,21721,0,0,0,0,
CELL_01680,0,16268,0,0,0,0,
CELL_00769,0,20889,0,0,0,0,
CELL_00382,0,32435,0,0,0,0,
CELL_01742,0,13684,0,0,0,0,
CELL_01215,0,16443,0,0,0,0,
CELL_00003,0,340049,0,0,0,0,
CELL_00567,0,25545,0,0,0,0,
CELL_01325,0,17821,0,0,0,0,
CELL_02097,0,8069,0,0,0,0,
CELL_01467,0,15156,0,0,0,0,
CELL_00217,0,36232,0,0,0,0,
CELL_00494,0,29434,0,0,0,0,
CELL_00136,0,41023,0,0,0,0,
CELL_01421,0,15991,0,0,0,0,
CELL_00527,0,30049,0,0,0,0,
CELL_00150,0,39547,0,0,0,0,
CELL_01557,0,14710,0,0,0,0,
CELL_01613,0,14309,0,0,0,0,
CELL_01583,0,15868,0,0,0,0,
CELL_01203,0,19879,0,0,0,0,
CELL_00017,0,177181,0,0,0,0,
CELL_00664,0,25731,0,0,0,0,
CELL_00745,0,22979,0,0,0,0,
CELL_00508,0,27735,0,0,0,0,
CELL_02077,0,12480,0,0,0,0,
CELL_02004,0,12269,0,0,0,0,
CELL_01523,0,15292,0,0,0,0,
CELL_00411,0,36412,0,0,0,0,
CELL_00095,0,64070,0,0,0,0,
CELL_01326,0,16832,0,0,0,0,
CELL_00238,0,29774,0,0,0,0,
CELL_00482,0,26333,0,0,0,0,
CELL_01640,0,20562,0,0,0,0,
CELL_01862,0,13832,0,0,0,0,
CELL_01120,0,17502,0,0,0,0,
CELL_00047,0,109649,0,0,0,0,
CELL_00230,0,35119,0,0,0,0,
CELL_01781,0,13062,0,0,0,0,
CELL_01439,0,18524,0,0,0,0,
CELL_00802,0,20942,0,0,0,0,
CELL_00077,0,88659,0,0,0,0,
CELL_00820,0,21370,0,0,0,0,
CELL_01842,0,13149,0,0,0,0,
CELL_00421,0,24217,0,0,0,0,
CELL_01063,0,16569,0,0,0,0,
CELL_00031,0,136247,0,0,0,0,
CELL_01707,0,12527,0,0,0,0,
CELL_01711,0,14829,0,0,0,0,
CELL_01449,0,13063,0,0,0,0,
CELL_00093,0,61545,0,0,0,0,
CELL_02193,0,5845,0,0,0,0,
CELL_00025,0,120288,0,0,0,0,
CELL_00308,0,22817,0,0,0,0,
CELL_00075,0,70904,0,0,0,0,
CELL_01435,0,16378,0,0,0,0,
CELL_00254,0,33962,0,0,0,0,
CELL_00551,0,24394,0,0,0,0,
CELL_01427,0,16015,0,0,0,0,
CELL_00040,0,101430,0,0,0,0,
CELL_00457,0,25243,0,0,0,0,
CELL_00588,0,23633,0,0,0,0,
CELL_01088,0,16950,0,0,0,0,
CELL_00704,0,27490,0,0,0,0,
CELL_00020,0,166325,0,0,0,0,
CELL_00190,0,35556,0,0,0,0,
CELL_00175,0,37899,0,0,0,0,
CELL_00427,0,28529,0,0,0,0,
CELL_00024,0,136844,0,0,0,0,
CELL_01274,0,16743,0,0,0,0,
CELL_00732,0,21849,0,0,0,0,
CELL_01596,0,13901,0,0,0,0,
CELL_01247,0,16050,0,0,0,0,
CELL_00292,0,35968,0,0,0,0,
CELL_00594,0,25106,0,0,0,0,
CELL_00115,0,53552,0,0,0,0,
CELL_00108,0,71255,0,0,0,0,
CELL_00757,0,23596,0,0,0,0,
CELL_00277,0,34220,0,0,0,0,
CELL_00147,0,41783,0,0,0,0,
CELL_00001,0,326324,0,0,0,0,
CELL_00137,0,41097,0,0,0,0,
CELL_00355,0,33884,0,0,0,0,
CELL_00576,0,24740,0,0,0,0,
CELL_02078,0,7418,0,0,0,0,
CELL_00492,0,23968,0,0,0,0,
CELL_00134,0,43639,0,0,0,0,
CELL_00216,0,39108,0,0,0,0,
CELL_00918,0,20920,0,0,0,0,
CELL_00207,0,37987,0,0,0,0,
CELL_00155,0,39783,0,0,0,0,
CELL_00398,0,34582,0,0,0,0,
CELL_00143,0,39049,0,0,0,0,
CELL_01648,0,17673,0,0,0,0,
CELL_00050,0,71701,0,0,0,0,
CELL_00187,0,40035,0,0,0,0,
CELL_02118,0,9104,0,0,0,0,
CELL_00154,0,45556,0,0,0,0,
CELL_00250,0,36271,0,0,0,0,
CELL_00842,0,21250,0,0,0,0,
CELL_00135,0,36732,0,0,0,0,
CELL_01277,0,17623,0,0,0,0,
CELL_00223,0,37779,0,0,0,0,
CELL_00666,0,19688,0,0,0,0,
CELL_02111,0,7887,0,0,0,0,
CELL_01526,0,14611,0,0,0,0,
CELL_01655,0,13742,0,0,0,0,
CELL_00599,0,25274,0,0,0,0,
CELL_00595,0,27300,0,0,0,0,
CELL_00256,0,31955,0,0,0,0,
CELL_00380,0,30647,0,0,0,0,
CELL_00176,0,40000,0,0,0,0,
CELL_00713,0,23509,0,0,0,0,
CELL_00076,0,100104,0,0,0,0,
CELL_00296,0,30376,0,0,0,0,
CELL_01128,0,16684,0,0,0,0,
CELL_00687,0,22148,0,0,0,0,
CELL_01952,0,12206,0,0,0,0,
CELL_00158,0,43242,0,0,0,0,
CELL_00364,0,30951,0,0,0,0,
CELL_01701,0,17629,0,0,0,0,
CELL_00092,0,54540,0,0,0,0,
CELL_01634,0,16330,0,0,0,0,
CELL_00068,0,70078,0,0,0,0,
CELL_00714,0,23128,0,0,0,0,
CELL_00417,0,27930,0,0,0,0,
CELL_00066,0,68582,0,0,0,0,
CELL_00070,0,71943,0,0,0,0,
CELL_00413,0,29274,0,0,0,0,
CELL_00018,0,195908,0,0,0,0,
CELL_00524,0,28439,0,0,0,0,
CELL_00968,0,20492,0,0,0,0,
CELL_00347,0,31083,0,0,0,0,
CELL_00090,0,64966,0,0,0,0,
CELL_01199,0,18498,0,0,0,0,
CELL_01510,0,10243,0,0,0,0,
CELL_00121,0,42856,0,0,0,0,
CELL_00083,0,64559,0,0,0,0,
CELL_01101,0,21173,0,0,0,0,
CELL_01268,0,17566,0,0,0,0,
CELL_00352,0,29935,0,0,0,0,
CELL_00112,0,63923,0,0,0,0,
CELL_00818,0,19981,0,0,0,0,
CELL_00172,0,45705,0,0,0,0,
CELL_01963,0,12393,0,0,0,0,
CELL_01301,0,17593,0,0,0,0,
CELL_00235,0,34162,0,0,0,0,
CELL_00320,0,34106,0,0,0,0,
CELL_00854,0,21073,0,0,0,0,
CELL_00801,0,21248,0,0,0,0,
CELL_01550,0,16078,0,0,0,0,
CELL_00286,0,35448,0,0,0,0,
CELL_00403,0,27516,0,0,0,0,
CELL_01881,0,14143,0,0,0,0,
CELL_01138,0,18422,0,0,0,0,
CELL_00426,0,29405,0,0,0,0,
CELL_00191,0,44697,0,0,0,0,
CELL_02031,0,11056,0,0,0,0,
CELL_00879,0,18547,0,0,0,0,
CELL_00200,0,33051,0,0,0,0,
CELL_01398,0,15533,0,0,0,0,
CELL_00088,0,72780,0,0,0,0,
CELL_01869,0,13309,0,0,0,0,
CELL_00407,0,29223,0,0,0,0,
CELL_00405,0,26727,0,0,0,0,
CELL_01611,0,16282,0,0,0,0,
CELL_00064,0,79309,0,0,0,0,
CELL_00246,0,32613,0,0,0,0,
CELL_00661,0,26782,0,0,0,0,
CELL_01777,0,14205,0,0,0,0,
CELL_00199,0,41244,0,0,0,0,
CELL_02066,0,9853,0,0,0,0,
CELL_01483,0,17611,0,0,0,0,
CELL_01616,0,17855,0,0,0,0,
CELL_01899,0,11644,0,0,0,0,
CELL_00570,0,24970,0,0,0,0,
CELL_00652,0,24123,0,0,0,0,
CELL_00224,0,31367,0,0,0,0,
CELL_01309,0,14588,0,0,0,0,
CELL_01157,0,16954,0,0,0,0,
CELL_01480,0,15671,0,0,0,0,
CELL_00231,0,32054,0,0,0,0,
CELL_00574,0,26162,0,0,0,0,
CELL_00951,0,22455,0,0,0,0,
CELL_00734,0,22415,0,0,0,0,
CELL_01461,0,16506,0,0,0,0,
CELL_01568,0,15795,0,0,0,0,
CELL_00201,0,36147,0,0,0,0,
CELL_00545,0,25445,0,0,0,0,
CELL_01047,0,21015,0,0,0,0,
CELL_00211,0,36148,0,0,0,0,
CELL_01840,0,13056,0,0,0,0,
CELL_00252,0,33194,0,0,0,0,
CELL_01820,0,12966,0,0,0,0,
CELL_00669,0,22042,0,0,0,0,
CELL_00120,0,46692,0,0,0,0,
CELL_00166,0,40006,0,0,0,0,
CELL_01922,0,12752,0,0,0,0,
CELL_01447,0,14725,0,0,0,0,
CELL_00213,0,35353,0,0,0,0,
CELL_02047,0,10029,0,0,0,0,
CELL_01285,0,15471,0,0,0,0,
CELL_00218,0,38399,0,0,0,0,
CELL_01135,0,17610,0,0,0,0,
CELL_00219,0,37541,0,0,0,0,
CELL_00221,0,44675,0,0,0,0,
CELL_00301,0,32080,0,0,0,0,
CELL_02044,0,8858,0,0,0,0,
CELL_00649,0,29578,0,0,0,0,
CELL_00288,0,40012,0,0,0,0,
CELL_00232,0,32537,0,0,0,0,
CELL_00430,0,26583,0,0,0,0,
CELL_00990,0,17601,0,0,0,0,
CELL_00639,0,24652,0,0,0,0,
CELL_00227,0,38014,0,0,0,0,
CELL_00029,0,105589,0,0,0,0,
CELL_00692,0,21683,0,0,0,0,
CELL_00228,0,35087,0,0,0,0,
CELL_00229,0,38206,0,0,0,0,
CELL_00556,0,25944,0,0,0,0,
CELL_00708,0,23299,0,0,0,0,
CELL_01314,0,15591,0,0,0,0,
CELL_01077,0,19520,0,0,0,0,
CELL_01387,0,14536,0,0,0,0,
CELL_00233,0,34277,0,0,0,0,
CELL_02091,0,9476,0,0,0,0,
CELL_01320,0,22174,0,0,0,0,
CELL_02116,0,9623,0,0,0,0,
CELL_00237,0,34255,0,0,0,0,
CELL_00525,0,25254,0,0,0,0,
CELL_01374,0,18093,0,0,0,0,
CELL_00471,0,27103,0,0,0,0,
CELL_00472,0,27422,0,0,0,0,
CELL_01366,0,9819,0,0,0,0,
CELL_00242,0,35594,0,0,0,0,
CELL_01405,0,21812,0,0,0,0,
CELL_01704,0,16216,0,0,0,0,
CELL_00630,0,22984,0,0,0,0,
CELL_00065,0,69865,0,0,0,0,
CELL_00127,0,46374,0,0,0,0,
CELL_00914,0,18276,0,0,0,0,
CELL_01652,0,14699,0,0,0,0,
CELL_00053,0,72586,0,0,0,0,
CELL_01290,0,17534,0,0,0,0,
CELL_01384,0,15849,0,0,0,0,
CELL_00388,0,32274,0,0,0,0,
CELL_00247,0,32860,0,0,0,0,
CELL_00125,0,47691,0,0,0,0,
CELL_01925,0,11072,0,0,0,0,
CELL_01486,0,14995,0,0,0,0,
CELL_00248,0,33858,0,0,0,0,
CELL_00255,0,37979,0,0,0,0,
CELL_00202,0,40843,0,0,0,0,
CELL_00258,0,36776,0,0,0,0,
CELL_01362,0,15981,0,0,0,0,
CELL_00823,0,21039,0,0,0,0,
CELL_00170,0,36922,0,0,0,0,
CELL_00162,0,44065,0,0,0,0,
CELL_00921,0,19971,0,0,0,0,
CELL_00375,0,30808,0,0,0,0,
CELL_00260,0,33246,0,0,0,0,
CELL_01038,0,18007,0,0,0,0,
CELL_00470,0,26138,0,0,0,0,
CELL_00263,0,33961,0,0,0,0,
CELL_00371,0,32217,0,0,0,0,
CELL_01578,0,15372,0,0,0,0,
CELL_00442,0,24112,0,0,0,0,
CELL_01262,0,18449,0,0,0,0,
CELL_00265,0,37981,0,0,0,0,
CELL_00270,0,34530,0,0,0,0,
CELL_00591,0,24638,0,0,0,0,
CELL_00073,0,66413,0,0,0,0,
CELL_01187,0,18401,0,0,0,0,
CELL_00272,0,38596,0,0,0,0,
CELL_00051,0,83286,0,0,0,0,
CELL_00326,0,30546,0,0,0,0,
CELL_00276,0,32646,0,0,0,0,
CELL_01727,0,13415,0,0,0,0,
CELL_00439,0,27557,0,0,0,0,
CELL_00850,0,22525,0,0,0,0,
CELL_00754,0,18952,0,0,0,0,
CELL_00094,0,62911,0,0,0,0,
CELL_00274,0,40199,0,0,0,0,
CELL_00275,0,37697,0,0,0,0,
CELL_01582,0,16415,0,0,0,0,
CELL_00944,0,17322,0,0,0,0,
CELL_00116,0,50632,0,0,0,0,
CELL_01334,0,16880,0,0,0,0,
CELL_00337,0,32802,0,0,0,0,
CELL_01176,0,19219,0,0,0,0,
CELL_00014,0,172313,0,0,0,0,
CELL_00290,0,32572,0,0,0,0,
CELL_00279,0,41545,0,0,0,0,
CELL_00244,0,35704,0,0,0,0,
CELL_00759,0,21454,0,0,0,0,
CELL_00740,0,19763,0,0,0,0,
CELL_00282,0,36023,0,0,0,0,
CELL_00334,0,31814,0,0,0,0,
CELL_00285,0,33283,0,0,0,0,
CELL_00622,0,23785,0,0,0,0,
CELL_01017,0,17065,0,0,0,0,
CELL_00287,0,32201,0,0,0,0,
CELL_01264,0,18871,0,0,0,0,
CELL_00529,0,25469,0,0,0,0,
CELL_01971,0,11597,0,0,0,0,
CELL_00848,0,17775,0,0,0,0,
CELL_01026,0,19911,0,0,0,0,
CELL_00179,0,37977,0,0,0,0,
CELL_01870,0,13235,0,0,0,0,
CELL_00110,0,52954,0,0,0,0,
CELL_00980,0,20953,0,0,0,0,
CELL_00984,0,19904,0,0,0,0,
CELL_00289,0,33772,0,0,0,0,
CELL_00454,0,29026,0,0,0,0,
CELL_00299,0,34623,0,0,0,0,
CELL_00435,0,28681,0,0,0,0,
CELL_00298,0,32777,0,0,0,0,
CELL_00446,0,26972,0,0,0,0,
CELL_00317,0,31309,0,0,0,0,
CELL_00148,0,44100,0,0,0,0,
CELL_01501,0,16013,0,0,0,0,
CELL_01228,0,15651,0,0,0,0,
CELL_00304,0,34687,0,0,0,0,
CELL_01303,0,17051,0,0,0,0,
CELL_00533,0,27129,0,0,0,0,
CELL_00315,0,33338,0,0,0,0,
CELL_00262,0,32219,0,0,0,0,
CELL_01109,0,19069,0,0,0,0,
CELL_00089,0,80454,0,0,0,0,
CELL_00458,0,26350,0,0,0,0,
CELL_00995,0,23821,0,0,0,0,
CELL_00109,0,49219,0,0,0,0,
CELL_00310,0,32883,0,0,0,0,
CELL_00727,0,23728,0,0,0,0,
CELL_00736,0,21078,0,0,0,0,
CELL_02059,0,10463,0,0,0,0,
CELL_01112,0,19474,0,0,0,0,
CELL_01464,0,17063,0,0,0,0,
CELL_00441,0,28293,0,0,0,0,
CELL_00491,0,27453,0,0,0,0,
CELL_01114,0,20072,0,0,0,0,
CELL_01028,0,20461,0,0,0,0,
CELL_01179,0,17826,0,0,0,0,
CELL_01973,0,11249,0,0,0,0,
CELL_00007,0,230233,0,0,0,0,
CELL_01599,0,14263,0,0,0,0,
CELL_01475,0,14848,0,0,0,0,
CELL_00391,0,25186,0,0,0,0,
CELL_00314,0,33439,0,0,0,0,
CELL_00044,0,92035,0,0,0,0,
CELL_00374,0,30002,0,0,0,0,
CELL_01046,0,19482,0,0,0,0,
CELL_01251,0,17030,0,0,0,0,
CELL_00322,0,31704,0,0,0,0,
CELL_00673,0,25406,0,0,0,0,
CELL_01064,0,18904,0,0,0,0,
CELL_00180,0,40659,0,0,0,0,
CELL_00333,0,30250,0,0,0,0,
CELL_00327,0,30496,0,0,0,0,
CELL_00811,0,27916,0,0,0,0,
CELL_00278,0,32549,0,0,0,0,
CELL_00460,0,28573,0,0,0,0,
CELL_00329,0,31753,0,0,0,0,
CELL_00342,0,32793,0,0,0,0,
CELL_00541,0,29799,0,0,0,0,
CELL_00332,0,31195,0,0,0,0,
CELL_00340,0,31654,0,0,0,0,
CELL_00012,0,157903,0,0,0,0,
CELL_00345,0,30929,0,0,0,0,
CELL_01686,0,13099,0,0,0,0,
CELL_00356,0,28880,0,0,0,0,
CELL_02033,0,13182,0,0,0,0,
CELL_00359,0,28414,0,0,0,0,
CELL_00114,0,49025,0,0,0,0,
CELL_00929,0,21040,0,0,0,0,
CELL_01469,0,15883,0,0,0,0,
CELL_00637,0,24273,0,0,0,0,
CELL_00705,0,21667,0,0,0,0,
CELL_00338,0,31906,0,0,0,0,
CELL_00424,0,27947,0,0,0,0,
CELL_01495,0,15441,0,0,0,0,
CELL_00169,0,41041,0,0,0,0,
CELL_00720,0,23424,0,0,0,0,
CELL_01352,0,15154,0,0,0,0,
CELL_01382,0,17032,0,0,0,0,
CELL_00365,0,30941,0,0,0,0,
CELL_00370,0,31063,0,0,0,0,
CELL_00690,0,23269,0,0,0,0,
CELL_01119,0,19210,0,0,0,0,
CELL_01770,0,14781,0,0,0,0,
CELL_01718,0,13869,0,0,0,0,
CELL_01299,0,16964,0,0,0,0,
CELL_00386,0,28755,0,0,0,0,
CELL_01011,0,18673,0,0,0,0,
CELL_01810,0,12720,0,0,0,0,
CELL_00707,0,18948,0,0,0,0,
CELL_00346,0,32207,0,0,0,0,
CELL_00613,0,25029,0,0,0,0,
CELL_00785,0,20862,0,0,0,0,
CELL_00626,0,16346,0,0,0,0,
CELL_00030,0,108324,0,0,0,0,
CELL_01530,0,17246,0,0,0,0,
CELL_00397,0,26722,0,0,0,0,
CELL_00399,0,28794,0,0,0,0,
CELL_02123,0,7150,0,0,0,0,
CELL_00363,0,30700,0,0,0,0,
CELL_00791,0,22030,0,0,0,0,
CELL_00612,0,23784,0,0,0,0,
CELL_00406,0,27443,0,0,0,0,
CELL_01307,0,17547,0,0,0,0,
CELL_00444,0,27336,0,0,0,0,
CELL_00910,0,15992,0,0,0,0,
CELL_00257,0,33366,0,0,0,0,
CELL_00563,0,24128,0,0,0,0,
CELL_00689,0,22756,0,0,0,0,
CELL_00952,0,19232,0,0,0,0,
CELL_01560,0,15729,0,0,0,0,
CELL_02113,0,7887,0,0,0,0,
CELL_00550,0,24137,0,0,0,0,
CELL_01660,0,14249,0,0,0,0,
CELL_00650,0,20486,0,0,0,0,
CELL_00917,0,19371,0,0,0,0,
CELL_00101,0,57830,0,0,0,0,
CELL_00408,0,30339,0,0,0,0,
CELL_00824,0,19347,0,0,0,0,
CELL_01254,0,17498,0,0,0,0,
CELL_00825,0,20911,0,0,0,0,
CELL_01455,0,16098,0,0,0,0,
CELL_00827,0,19861,0,0,0,0,
CELL_00828,0,19509,0,0,0,0,
CELL_02167,0,6896,0,0,0,0,
CELL_01415,0,15521,0,0,0,0,
CELL_01715,0,13774,0,0,0,0,
CELL_00832,0,22252,0,0,0,0,
CELL_00834,0,21850,0,0,0,0,
CELL_00316,0,32276,0,0,0,0,
CELL_00835,0,21675,0,0,0,0,
CELL_00677,0,22749,0,0,0,0,
CELL_00837,0,21548,0,0,0,0,
CELL_00838,0,20576,0,0,0,0,
CELL_00839,0,22006,0,0,0,0,
CELL_00936,0,19051,0,0,0,0,
CELL_00840,0,20414,0,0,0,0,
CELL_00963,0,19236,0,0,0,0,
CELL_01302,0,18373,0,0,0,0,
CELL_00562,0,21596,0,0,0,0,
CELL_01316,0,16989,0,0,0,0,
CELL_00841,0,17851,0,0,0,0,
CELL_01115,0,18790,0,0,0,0,
CELL_00505,0,37231,0,0,0,0,
CELL_00843,0,18035,0,0,0,0,
CELL_00872,0,17685,0,0,0,0,
CELL_00183,0,38687,0,0,0,0,
CELL_00844,0,21634,0,0,0,0,
CELL_00192,0,37441,0,0,0,0,
CELL_00846,0,22003,0,0,0,0,
CELL_00360,0,26947,0,0,0,0,
CELL_01084,0,18856,0,0,0,0,
CELL_00847,0,22569,0,0,0,0,
CELL_00418,0,27017,0,0,0,0,
CELL_00851,0,21742,0,0,0,0,
CELL_01595,0,15224,0,0,0,0,
CELL_00852,0,20549,0,0,0,0,
CELL_00402,0,26826,0,0,0,0,
CELL_00853,0,19695,0,0,0,0,
CELL_00855,0,24177,0,0,0,0,
CELL_00858,0,22966,0,0,0,0,
CELL_01035,0,17005,0,0,0,0,
CELL_01226,0,16570,0,0,0,0,
CELL_00475,0,25062,0,0,0,0,
CELL_00860,0,21390,0,0,0,0,
CELL_00011,0,206208,0,0,0,0,
CELL_00862,0,21532,0,0,0,0,
CELL_00863,0,20193,0,0,0,0,
CELL_00611,0,22065,0,0,0,0,
CELL_00866,0,20971,0,0,0,0,
CELL_00867,0,20401,0,0,0,0,
CELL_00868,0,18771,0,0,0,0,
CELL_01445,0,15710,0,0,0,0,
CELL_01894,0,7573,0,0,0,0,
CELL_00534,0,26114,0,0,0,0,
CELL_00869,0,20149,0,0,0,0,
CELL_00870,0,20533,0,0,0,0,
CELL_00539,0,26656,0,0,0,0,
CELL_00871,0,25786,0,0,0,0,
CELL_00888,0,18080,0,0,0,0,
CELL_01000,0,20082,0,0,0,0,
CELL_00875,0,19528,0,0,0,0,
CELL_01554,0,14694,0,0,0,0,
CELL_01841,0,15308,0,0,0,0,
CELL_00878,0,19092,0,0,0,0,
CELL_01273,0,17358,0,0,0,0,
CELL_01496,0,15966,0,0,0,0,
CELL_01910,0,11658,0,0,0,0,
CELL_00880,0,17785,0,0,0,0,
CELL_01395,0,16459,0,0,0,0,
CELL_01031,0,19422,0,0,0,0,
CELL_00882,0,23169,0,0,0,0,
CELL_01045,0,18015,0,0,0,0,
CELL_00884,0,20132,0,0,0,0,
CELL_01209,0,18140,0,0,0,0,
CELL_00885,0,20433,0,0,0,0,
CELL_01905,0,12678,0,0,0,0,
CELL_00886,0,20027,0,0,0,0,
CELL_00887,0,20812,0,0,0,0,
CELL_00700,0,20483,0,0,0,0,
CELL_00889,0,20301,0,0,0,0,
CELL_00891,0,18575,0,0,0,0,
CELL_00892,0,22857,0,0,0,0,
CELL_00894,0,16915,0,0,0,0,
CELL_01275,0,18134,0,0,0,0,
CELL_01735,0,12536,0,0,0,0,
CELL_00697,0,24656,0,0,0,0,
CELL_00895,0,13868,0,0,0,0,
CELL_00188,0,39936,0,0,0,0,
CELL_00239,0,35068,0,0,0,0,
CELL_01489,0,17320,0,0,0,0,
CELL_00896,0,20051,0,0,0,0,
CELL_00898,0,21073,0,0,0,0,
CELL_01150,0,14565,0,0,0,0,
CELL_02163,0,3913,0,0,0,0,
CELL_00899,0,18977,0,0,0,0,
CELL_00204,0,37674,0,0,0,0,
CELL_00900,0,17996,0,0,0,0,
CELL_00702,0,21019,0,0,0,0,
CELL_00903,0,20303,0,0,0,0,
CELL_01319,0,15798,0,0,0,0,
CELL_00905,0,23322,0,0,0,0,
CELL_00906,0,20157,0,0,0,0,
CELL_00907,0,18541,0,0,0,0,
CELL_00908,0,19097,0,0,0,0,
CELL_01700,0,15808,0,0,0,0,
CELL_00909,0,20959,0,0,0,0,
CELL_00911,0,19396,0,0,0,0,
CELL_00913,0,21103,0,0,0,0,
CELL_01252,0,17596,0,0,0,0,
CELL_00916,0,24839,0,0,0,0,
CELL_00039,0,107441,0,0,0,0,
CELL_00269,0,34412,0,0,0,0,
CELL_01327,0,15263,0,0,0,0,
CELL_00919,0,20667,0,0,0,0,
CELL_00920,0,18833,0,0,0,0,
CELL_00291,0,34540,0,0,0,0,
CELL_01310,0,14465,0,0,0,0,
CELL_01429,0,15121,0,0,0,0,
CELL_00923,0,26223,0,0,0,0,
CELL_00924,0,22237,0,0,0,0,
CELL_01747,0,15373,0,0,0,0,
CELL_00019,0,156060,0,0,0,0,
CELL_00925,0,19424,0,0,0,0,
CELL_01832,0,11828,0,0,0,0,
CELL_01506,0,20127,0,0,0,0,
CELL_00361,0,33027,0,0,0,0,
CELL_01155,0,18657,0,0,0,0,
CELL_01418,0,17254,0,0,0,0,
CELL_00085,0,77888,0,0,0,0,
CELL_00926,0,21499,0,0,0,0,
CELL_00927,0,22595,0,0,0,0,
CELL_00932,0,19033,0,0,0,0,
CELL_00930,0,20042,0,0,0,0,
CELL_00931,0,22234,0,0,0,0,
CELL_00933,0,21296,0,0,0,0,
CELL_00934,0,22238,0,0,0,0,
CELL_00935,0,18653,0,0,0,0,
CELL_02182,0,3758,0,0,0,0,
CELL_00939,0,21176,0,0,0,0,
CELL_00940,0,22276,0,0,0,0,
CELL_00942,0,17807,0,0,0,0,
CELL_00580,0,25078,0,0,0,0,
CELL_01079,0,19712,0,0,0,0,
CELL_01723,0,13592,0,0,0,0,
CELL_00943,0,21340,0,0,0,0,
CELL_01422,0,15423,0,0,0,0,
CELL_00138,0,40176,0,0,0,0,
CELL_00945,0,18583,0,0,0,0,
CELL_00212,0,33731,0,0,0,0,
CELL_00671,0,22968,0,0,0,0,
CELL_00946,0,19769,0,0,0,0,
CELL_02096,0,4904,0,0,0,0,
CELL_01629,0,14199,0,0,0,0,
CELL_00947,0,18285,0,0,0,0,
CELL_00949,0,21030,0,0,0,0,
CELL_01428,0,16125,0,0,0,0,
CELL_00955,0,19933,0,0,0,0,
CELL_00956,0,20274,0,0,0,0,
CELL_00957,0,23865,0,0,0,0,
CELL_00958,0,20268,0,0,0,0,
CELL_00959,0,21180,0,0,0,0,
CELL_00883,0,21305,0,0,0,0,
CELL_00960,0,19367,0,0,0,0,
CELL_00961,0,20056,0,0,0,0,
CELL_01019,0,18832,0,0,0,0,
CELL_00962,0,17053,0,0,0,0,
CELL_00964,0,19913,0,0,0,0,
CELL_01858,0,10989,0,0,0,0,
CELL_00022,0,190916,0,0,0,0,
CELL_00965,0,21685,0,0,0,0,
CELL_01745,0,13896,0,0,0,0,
CELL_00499,0,24555,0,0,0,0,
CELL_00966,0,21506,0,0,0,0,
CELL_01734,0,15203,0,0,0,0,
CELL_00967,0,19690,0,0,0,0,
CELL_00760,0,20156,0,0,0,0,
CELL_00969,0,18789,0,0,0,0,
CELL_00970,0,20770,0,0,0,0,
CELL_00971,0,19619,0,0,0,0,
CELL_00973,0,18217,0,0,0,0,
CELL_01183,0,17449,0,0,0,0,
CELL_00974,0,21689,0,0,0,0,
CELL_01004,0,9466,0,0,0,0,
CELL_01724,0,15376,0,0,0,0,
CELL_01950,0,12206,0,0,0,0,
CELL_01949,0,13016,0,0,0,0,
CELL_00831,0,21403,0,0,0,0,
CELL_00976,0,14926,0,0,0,0,
CELL_00226,0,33513,0,0,0,0,
CELL_00977,0,19295,0,0,0,0,
CELL_00978,0,23086,0,0,0,0,
CELL_01665,0,14577,0,0,0,0,
CELL_00981,0,20011,0,0,0,0,
CELL_00510,0,23624,0,0,0,0,
CELL_01436,0,17277,0,0,0,0,
CELL_00982,0,19491,0,0,0,0,
CELL_00773,0,21154,0,0,0,0,
CELL_01505,0,16024,0,0,0,0,
CELL_00986,0,22926,0,0,0,0,
CELL_00938,0,20896,0,0,0,0,
CELL_00988,0,17833,0,0,0,0,
CELL_00989,0,18769,0,0,0,0,
CELL_01221,0,17668,0,0,0,0,
CELL_00991,0,18602,0,0,0,0,
CELL_00992,0,19529,0,0,0,0,
CELL_00549,0,24140,0,0,0,0,
CELL_01430,0,16922,0,0,0,0,
CELL_02197,0,6715,0,0,0,0,
CELL_00993,0,21020,0,0,0,0,
CELL_00994,0,19382,0,0,0,0,
CELL_00998,0,22021,0,0,0,0,
CELL_00999,0,18595,0,0,0,0,
CELL_01664,0,15678,0,0,0,0,
CELL_01001,0,20055,0,0,0,0,
CELL_01691,0,13515,0,0,0,0,
CELL_01002,0,17294,0,0,0,0,
CELL_00261,0,35700,0,0,0,0,
CELL_01003,0,18469,0,0,0,0,
CELL_00368,0,30173,0,0,0,0,
CELL_01005,0,24554,0,0,0,0,
CELL_01513,0,14159,0,0,0,0,
CELL_00164,0,36957,0,0,0,0,
CELL_01007,0,16863,0,0,0,0,
CELL_01130,0,17912,0,0,0,0,
CELL_01012,0,20246,0,0,0,0,
CELL_00979,0,20439,0,0,0,0,
CELL_01575,0,16605,0,0,0,0,
CELL_01659,0,16054,0,0,0,0,
CELL_01633,0,20112,0,0,0,0,
CELL_01013,0,23907,0,0,0,0,
CELL_00798,0,21372,0,0,0,0,
CELL_01014,0,16406,0,0,0,0,
CELL_00086,0,67603,0,0,0,0,
CELL_01015,0,20455,0,0,0,0,
CELL_01847,0,12318,0,0,0,0,
CELL_00640,0,24656,0,0,0,0,
CELL_01018,0,24293,0,0,0,0,
CELL_01020,0,19503,0,0,0,0,
CELL_01164,0,19652,0,0,0,0,
CELL_00005,0,272601,0,0,0,0,
CELL_01021,0,17300,0,0,0,0,
CELL_01022,0,18127,0,0,0,0,
CELL_01024,0,18803,0,0,0,0,
CELL_01032,0,19576,0,0,0,0,
CELL_02094,0,8233,0,0,0,0,
CELL_00157,0,37135,0,0,0,0,
CELL_01034,0,18512,0,0,0,0,
CELL_01036,0,20118,0,0,0,0,
CELL_01037,0,19117,0,0,0,0,
CELL_00054,0,75428,0,0,0,0,
CELL_01039,0,19937,0,0,0,0,
CELL_01040,0,17598,0,0,0,0,
CELL_00178,0,39668,0,0,0,0,
CELL_01042,0,15660,0,0,0,0,
CELL_02184,0,5141,0,0,0,0,
CELL_01043,0,17312,0,0,0,0,
CELL_01044,0,18983,0,0,0,0,
CELL_01048,0,19405,0,0,0,0,
CELL_01131,0,18582,0,0,0,0,
CELL_01239,0,19009,0,0,0,0,
CELL_01049,0,18734,0,0,0,0,
CELL_00132,0,44378,0,0,0,0,
CELL_01335,0,15492,0,0,0,0,
CELL_01050,0,18699,0,0,0,0,
CELL_01051,0,18053,0,0,0,0,
CELL_00349,0,30493,0,0,0,0,
CELL_00571,0,23618,0,0,0,0,
CELL_01052,0,17414,0,0,0,0,
CELL_02127,0,9818,0,0,0,0,
CELL_01106,0,19419,0,0,0,0,
CELL_00601,0,22081,0,0,0,0,
CELL_01354,0,18115,0,0,0,0,
CELL_00722,0,22585,0,0,0,0,
CELL_01053,0,20572,0,0,0,0,
CELL_00701,0,22636,0,0,0,0,
CELL_00836,0,18311,0,0,0,0,
CELL_01054,0,18549,0,0,0,0,
CELL_01246,0,17167,0,0,0,0,
CELL_00665,0,23257,0,0,0,0,
CELL_00488,0,27326,0,0,0,0,
CELL_01420,0,10542,0,0,0,0,
CELL_01055,0,21850,0,0,0,0,
CELL_01059,0,17776,0,0,0,0,
CELL_02161,0,8838,0,0,0,0,
CELL_00579,0,26649,0,0,0,0,
CELL_01060,0,19828,0,0,0,0,
CELL_01061,0,20445,0,0,0,0,
CELL_01062,0,18484,0,0,0,0,
CELL_01679,0,14651,0,0,0,0,
CELL_01068,0,18058,0,0,0,0,
CELL_02005,0,6500,0,0,0,0,
CELL_00420,0,29173,0,0,0,0,
CELL_01481,0,13645,0,0,0,0,
CELL_00151,0,43719,0,0,0,0,
CELL_00874,0,23313,0,0,0,0,
CELL_01069,0,17281,0,0,0,0,
CELL_01907,0,13571,0,0,0,0,
CELL_01071,0,24873,0,0,0,0,
CELL_02171,0,6154,0,0,0,0,
CELL_01074,0,20914,0,0,0,0,
CELL_01443,0,15779,0,0,0,0,
CELL_01075,0,18838,0,0,0,0,
CELL_01076,0,11395,0,0,0,0,
CELL_01078,0,17668,0,0,0,0,
CELL_01081,0,18725,0,0,0,0,
CELL_01082,0,18433,0,0,0,0,
CELL_00901,0,21458,0,0,0,0,
CELL_00146,0,44999,0,0,0,0,
CELL_01083,0,19873,0,0,0,0,
CELL_01085,0,18508,0,0,0,0,
CELL_01954,0,12969,0,0,0,0,
CELL_01090,0,17884,0,0,0,0,
CELL_01087,0,17545,0,0,0,0,
CELL_00619,0,23979,0,0,0,0,
CELL_01394,0,18846,0,0,0,0,
CELL_00353,0,32214,0,0,0,0,
CELL_01089,0,18894,0,0,0,0,
CELL_01092,0,19316,0,0,0,0,
CELL_01093,0,18277,0,0,0,0,
CELL_02058,0,8624,0,0,0,0,
CELL_01282,0,16157,0,0,0,0,
CELL_01094,0,17451,0,0,0,0,
CELL_01942,0,13894,0,0,0,0,
CELL_01098,0,19246,0,0,0,0,
CELL_00372,0,31325,0,0,0,0,
CELL_01099,0,18639,0,0,0,0,
CELL_01102,0,20233,0,0,0,0,
CELL_01472,0,17561,0,0,0,0,
CELL_01103,0,24089,0,0,0,0,
CELL_01023,0,18978,0,0,0,0,
CELL_01104,0,18383,0,0,0,0,
CELL_02194,0,5874,0,0,0,0,
CELL_01642,0,14669,0,0,0,0,
CELL_01108,0,19844,0,0,0,0,
CELL_01110,0,18779,0,0,0,0,
CELL_01376,0,15494,0,0,0,0,
CELL_00751,0,21244,0,0,0,0,
CELL_01116,0,20338,0,0,0,0,
CELL_01992,0,10769,0,0,0,0,
CELL_01118,0,18087,0,0,0,0,
CELL_01121,0,15935,0,0,0,0,
CELL_01123,0,17304,0,0,0,0,
CELL_01151,0,18360,0,0,0,0,
CELL_01125,0,22172,0,0,0,0,
CELL_01127,0,18503,0,0,0,0,
CELL_01133,0,18612,0,0,0,0,
CELL_01136,0,17210,0,0,0,0,
CELL_01137,0,17508,0,0,0,0,
CELL_01139,0,18848,0,0,0,0,
CELL_00097,0,48292,0,0,0,0,
CELL_01140,0,18462,0,0,0,0,
CELL_01141,0,17675,0,0,0,0,
CELL_02104,0,11107,0,0,0,0,
CELL_01284,0,18269,0,0,0,0,
CELL_01142,0,18024,0,0,0,0,
CELL_01144,0,19307,0,0,0,0,
CELL_01146,0,16649,0,0,0,0,
CELL_01768,0,13346,0,0,0,0,
CELL_01147,0,18978,0,0,0,0,
CELL_01148,0,19268,0,0,0,0,
CELL_01149,0,23895,0,0,0,0,
CELL_01152,0,18820,0,0,0,0,
CELL_01524,0,16193,0,0,0,0,
CELL_01353,0,19222,0,0,0,0,
CELL_01451,0,15226,0,0,0,0,
CELL_01158,0,16694,0,0,0,0,
CELL_00240,0,36933,0,0,0,0,
CELL_01709,0,14153,0,0,0,0,
CELL_01159,0,17007,0,0,0,0,
CELL_01160,0,19056,0,0,0,0,
CELL_01030,0,18988,0,0,0,0,
CELL_01162,0,18777,0,0,0,0,
CELL_01163,0,17661,0,0,0,0,
CELL_01349,0,15532,0,0,0,0,
CELL_01851,0,12594,0,0,0,0,
CELL_01165,0,19108,0,0,0,0,
CELL_02119,0,7429,0,0,0,0,
CELL_01167,0,18997,0,0,0,0,
CELL_01169,0,21794,0,0,0,0,
CELL_00453,0,27341,0,0,0,0,
CELL_01647,0,14714,0,0,0,0,
CELL_01170,0,18747,0,0,0,0,
CELL_01172,0,19207,0,0,0,0,
CELL_01587,0,15187,0,0,0,0,
CELL_01175,0,18023,0,0,0,0,
CELL_00283,0,32866,0,0,0,0,
CELL_01177,0,18347,0,0,0,0,
CELL_01178,0,17996,0,0,0,0,
CELL_02160,0,3754,0,0,0,0,
CELL_01180,0,18574,0,0,0,0,
CELL_01181,0,17461,0,0,0,0,
CELL_01493,0,18135,0,0,0,0,
CELL_01182,0,16858,0,0,0,0,
CELL_00034,0,97672,0,0,0,0,
CELL_01184,0,17277,0,0,0,0,
CELL_01190,0,16891,0,0,0,0,
CELL_01312,0,16212,0,0,0,0,
CELL_01192,0,14996,0,0,0,0,
CELL_01193,0,17624,0,0,0,0,
CELL_01195,0,18412,0,0,0,0,
CELL_01936,0,12383,0,0,0,0,
CELL_01041,0,18628,0,0,0,0,
CELL_01196,0,20278,0,0,0,0,
CELL_01197,0,16528,0,0,0,0,
CELL_01200,0,17474,0,0,0,0,
CELL_02122,0,6257,0,0,0,0,
CELL_00079,0,64000,0,0,0,0,
CELL_01201,0,17318,0,0,0,0,
CELL_01204,0,19017,0,0,0,0,
CELL_01205,0,17761,0,0,0,0,
CELL_01206,0,19246,0,0,0,0,
CELL_01208,0,20655,0,0,0,0,
CELL_00912,0,21349,0,0,0,0,
CELL_01380,0,15873,0,0,0,0,
CELL_01096,0,20183,0,0,0,0,
CELL_01399,0,16205,0,0,0,0,
CELL_01231,0,20145,0,0,0,0,
CELL_01210,0,19592,0,0,0,0,
CELL_01211,0,17389,0,0,0,0,
CELL_01257,0,18666,0,0,0,0,
CELL_01214,0,22250,0,0,0,0,
CELL_00440,0,26178,0,0,0,0,
CELL_01216,0,18875,0,0,0,0,
CELL_01217,0,17279,0,0,0,0,
CELL_01219,0,16645,0,0,0,0,
CELL_00331,0,28718,0,0,0,0,
CELL_01220,0,17788,0,0,0,0,
CELL_01222,0,18027,0,0,0,0,
CELL_01740,0,19606,0,0,0,0,
CELL_01223,0,18638,0,0,0,0,
CELL_00975,0,20820,0,0,0,0,
CELL_01250,0,17224,0,0,0,0,
CELL_01224,0,10510,0,0,0,0,
CELL_01230,0,17189,0,0,0,0,
CELL_01233,0,18858,0,0,0,0,
CELL_00821,0,21658,0,0,0,0,
CELL_01570,0,16566,0,0,0,0,
CELL_01684,0,12827,0,0,0,0,
CELL_01234,0,16606,0,0,0,0,
CELL_01237,0,17638,0,0,0,0,
CELL_01238,0,18307,0,0,0,0,
CELL_01240,0,17260,0,0,0,0,
CELL_02023,0,11429,0,0,0,0,
CELL_01989,0,10050,0,0,0,0,
CELL_00297,0,30367,0,0,0,0,
CELL_01242,0,19724,0,0,0,0,
CELL_01243,0,20237,0,0,0,0,
CELL_01248,0,22526,0,0,0,0,
CELL_01249,0,16239,0,0,0,0,
CELL_01843,0,11618,0,0,0,0,
CELL_00117,0,57352,0,0,0,0,
CELL_01331,0,16318,0,0,0,0,
CELL_00774,0,21775,0,0,0,0,
CELL_01589,0,15385,0,0,0,0,
CELL_01016,0,20660,0,0,0,0,
CELL_01255,0,17476,0,0,0,0,
CELL_01227,0,14527,0,0,0,0,
CELL_01256,0,17750,0,0,0,0,
CELL_01235,0,17536,0,0,0,0,
CELL_01636,0,14094,0,0,0,0,
CELL_02025,0,11169,0,0,0,0,
CELL_01258,0,16008,0,0,0,0,
CELL_00544,0,24284,0,0,0,0,
CELL_01259,0,20990,0,0,0,0,
CELL_01965,0,12175,0,0,0,0,
CELL_01911,0,10926,0,0,0,0,
CELL_00271,0,30453,0,0,0,0,
CELL_01261,0,17603,0,0,0,0,
CELL_01710,0,13947,0,0,0,0,
CELL_01263,0,17303,0,0,0,0,
CELL_01731,0,23456,0,0,0,0,
CELL_01265,0,15370,0,0,0,0,
CELL_00743,0,22022,0,0,0,0,
CELL_01213,0,16894,0,0,0,0,
CELL_01266,0,20681,0,0,0,0,
CELL_01406,0,15834,0,0,0,0,
CELL_01442,0,16274,0,0,0,0,
CELL_01267,0,16936,0,0,0,0,
CELL_01269,0,17320,0,0,0,0,
CELL_01271,0,17540,0,0,0,0,
CELL_01276,0,25117,0,0,0,0,
CELL_00087,0,63411,0,0,0,0,
CELL_01278,0,16293,0,0,0,0,
CELL_01279,0,17672,0,0,0,0,
CELL_01113,0,19053,0,0,0,0,
CELL_01402,0,19914,0,0,0,0,
CELL_01941,0,13549,0,0,0,0,
CELL_01280,0,20014,0,0,0,0,
CELL_01521,0,14860,0,0,0,0,
CELL_01281,0,17267,0,0,0,0,
CELL_01283,0,17183,0,0,0,0,
CELL_01161,0,18054,0,0,0,0,
CELL_01286,0,17715,0,0,0,0,
CELL_01287,0,17645,0,0,0,0,
CELL_00663,0,22478,0,0,0,0,
CELL_00469,0,33017,0,0,0,0,
CELL_01291,0,15480,0,0,0,0,
CELL_01292,0,17919,0,0,0,0,
CELL_01293,0,17751,0,0,0,0,
CELL_01812,0,14954,0,0,0,0,
CELL_01678,0,15321,0,0,0,0,
CELL_01295,0,16833,0,0,0,0,
CELL_01294,0,17543,0,0,0,0,
CELL_01845,0,14983,0,0,0,0,
CELL_01504,0,15284,0,0,0,0,
CELL_01605,0,15390,0,0,0,0,
CELL_01297,0,17054,0,0,0,0,
CELL_01317,0,20075,0,0,0,0,
CELL_02080,0,10859,0,0,0,0,
CELL_02071,0,12060,0,0,0,0,
CELL_01453,0,16875,0,0,0,0,
CELL_01134,0,19555,0,0,0,0,
CELL_01318,0,15913,0,0,0,0,
CELL_01720,0,14524,0,0,0,0,
CELL_01321,0,17090,0,0,0,0,
CELL_01322,0,17236,0,0,0,0,
CELL_01253,0,16005,0,0,0,0,
CELL_01324,0,16891,0,0,0,0,
CELL_00503,0,27311,0,0,0,0,
CELL_01437,0,15904,0,0,0,0,
CELL_01328,0,16255,0,0,0,0,
CELL_00395,0,28923,0,0,0,0,
CELL_01329,0,16638,0,0,0,0,
CELL_01330,0,18304,0,0,0,0,
CELL_01377,0,17935,0,0,0,0,
CELL_01332,0,17303,0,0,0,0,
CELL_00107,0,69288,0,0,0,0,
CELL_01565,0,14494,0,0,0,0,
CELL_01333,0,17926,0,0,0,0,
CELL_00152,0,39958,0,0,0,0,
CELL_01010,0,19438,0,0,0,0,
CELL_01336,0,17161,0,0,0,0,
CELL_01340,0,17622,0,0,0,0,
CELL_01341,0,19208,0,0,0,0,
CELL_01463,0,16005,0,0,0,0,
CELL_01343,0,20558,0,0,0,0,
CELL_00059,0,110743,0,0,0,0,
CELL_01346,0,16586,0,0,0,0,
CELL_01348,0,18512,0,0,0,0,
CELL_01350,0,17276,0,0,0,0,
CELL_01571,0,14236,0,0,0,0,
CELL_01356,0,15554,0,0,0,0,
CELL_00597,0,25022,0,0,0,0,
CELL_01357,0,17098,0,0,0,0,
CELL_00586,0,25264,0,0,0,0,
CELL_01080,0,18688,0,0,0,0,
CELL_01358,0,17310,0,0,0,0,
CELL_02050,0,12014,0,0,0,0,
CELL_01360,0,17457,0,0,0,0,
CELL_02131,0,5252,0,0,0,0,
CELL_01364,0,17320,0,0,0,0,
CELL_02020,0,9602,0,0,0,0,
CELL_01827,0,13217,0,0,0,0,
CELL_01367,0,15860,0,0,0,0,
CELL_00678,0,17168,0,0,0,0,
CELL_00082,0,70634,0,0,0,0,
CELL_01450,0,13516,0,0,0,0,
CELL_02098,0,11903,0,0,0,0,
CELL_01370,0,17089,0,0,0,0,
CELL_00193,0,40565,0,0,0,0,
CELL_00344,0,33424,0,0,0,0,
CELL_01372,0,17022,0,0,0,0,
CELL_02129,0,7417,0,0,0,0,
CELL_01375,0,16252,0,0,0,0,
CELL_01378,0,15515,0,0,0,0,
CELL_01594,0,17506,0,0,0,0,
CELL_01381,0,15666,0,0,0,0,
CELL_00693,0,20427,0,0,0,0,
CELL_01383,0,16386,0,0,0,0,
CELL_01934,0,11115,0,0,0,0,
CELL_00876,0,21302,0,0,0,0,
CELL_01385,0,16968,0,0,0,0,
CELL_01914,0,12306,0,0,0,0,
CELL_01369,0,14657,0,0,0,0,
CELL_01389,0,16092,0,0,0,0,
CELL_01392,0,16302,0,0,0,0,
CELL_01396,0,15166,0,0,0,0,
CELL_02062,0,11253,0,0,0,0,
CELL_01998,0,12839,0,0,0,0,
CELL_00629,0,20499,0,0,0,0,
CELL_00081,0,65496,0,0,0,0,
CELL_01400,0,16444,0,0,0,0,
CELL_01156,0,18840,0,0,0,0,
CELL_01459,0,15912,0,0,0,0,
CELL_01401,0,15941,0,0,0,0,
CELL_00747,0,24792,0,0,0,0,
CELL_01404,0,15455,0,0,0,0,
CELL_00160,0,39959,0,0,0,0,
CELL_01407,0,17005,0,0,0,0,
CELL_01408,0,16623,0,0,0,0,
CELL_02144,0,5142,0,0,0,0,
CELL_01643,0,12568,0,0,0,0,
CELL_01409,0,16046,0,0,0,0,
CELL_01410,0,16759,0,0,0,0,
CELL_01411,0,17593,0,0,0,0,
CELL_01412,0,17376,0,0,0,0,
CELL_02166,0,5773,0,0,0,0,
CELL_01413,0,15867,0,0,0,0,
CELL_01416,0,15055,0,0,0,0,
CELL_02011,0,10960,0,0,0,0,
CELL_01417,0,17567,0,0,0,0,
CELL_01419,0,17480,0,0,0,0,
CELL_01424,0,7643,0,0,0,0,
CELL_01425,0,14084,0,0,0,0,
CELL_01431,0,17441,0,0,0,0,
CELL_01705,0,13926,0,0,0,0,
CELL_01434,0,16173,0,0,0,0,
CELL_01438,0,16678,0,0,0,0,
CELL_01067,0,20887,0,0,0,0,
CELL_01555,0,14311,0,0,0,0,
CELL_01441,0,14345,0,0,0,0,
CELL_01539,0,16574,0,0,0,0,
CELL_01414,0,17344,0,0,0,0,
CELL_01446,0,13970,0,0,0,0,
CELL_00259,0,42218,0,0,0,0,
CELL_01448,0,17100,0,0,0,0,
CELL_01452,0,16033,0,0,0,0,
CELL_01454,0,16569,0,0,0,0,
CELL_01669,0,15824,0,0,0,0,
CELL_01457,0,14497,0,0,0,0,
CELL_01154,0,18523,0,0,0,0,
CELL_01458,0,15992,0,0,0,0,
CELL_00904,0,19638,0,0,0,0,
CELL_01460,0,12481,0,0,0,0,
CELL_00795,0,21627,0,0,0,0,
CELL_01465,0,14340,0,0,0,0,
CELL_01468,0,16059,0,0,0,0,
CELL_02032,0,11801,0,0,0,0,
CELL_01470,0,11878,0,0,0,0,
CELL_01471,0,16481,0,0,0,0,
CELL_00593,0,26643,0,0,0,0,
CELL_01473,0,15617,0,0,0,0,
CELL_01474,0,15979,0,0,0,0,
CELL_01476,0,16278,0,0,0,0,
CELL_01477,0,17502,0,0,0,0,
CELL_01592,0,16605,0,0,0,0,
CELL_01478,0,16719,0,0,0,0,
CELL_01482,0,16785,0,0,0,0,
CELL_01484,0,15997,0,0,0,0,
CELL_01368,0,16585,0,0,0,0,
CELL_01479,0,22413,0,0,0,0,
CELL_01485,0,10355,0,0,0,0,
CELL_02109,0,7498,0,0,0,0,
CELL_01066,0,18614,0,0,0,0,
CELL_01487,0,14725,0,0,0,0,
CELL_01509,0,14829,0,0,0,0,
CELL_01029,0,18986,0,0,0,0,
CELL_01488,0,15315,0,0,0,0,
CELL_01490,0,14903,0,0,0,0,
CELL_01492,0,16895,0,0,0,0,
CELL_01494,0,17273,0,0,0,0,
CELL_01497,0,15336,0,0,0,0,
CELL_01499,0,15370,0,0,0,0,
CELL_01697,0,12762,0,0,0,0,
CELL_01503,0,14356,0,0,0,0,
CELL_01567,0,16424,0,0,0,0,
CELL_01511,0,14775,0,0,0,0,
CELL_01512,0,14580,0,0,0,0,
CELL_01548,0,16769,0,0,0,0,
CELL_01514,0,15783,0,0,0,0,
CELL_01685,0,13518,0,0,0,0,
CELL_01516,0,16730,0,0,0,0,
CELL_01361,0,18289,0,0,0,0,
CELL_01518,0,16287,0,0,0,0,
CELL_01520,0,14766,0,0,0,0,
CELL_01525,0,15787,0,0,0,0,
CELL_01527,0,16408,0,0,0,0,
CELL_01379,0,16312,0,0,0,0,
CELL_01531,0,15535,0,0,0,0,
CELL_01532,0,14462,0,0,0,0,
CELL_00100,0,59019,0,0,0,0,
CELL_01534,0,15461,0,0,0,0,
CELL_01535,0,15484,0,0,0,0,
CELL_01537,0,15014,0,0,0,0,
CELL_02133,0,4824,0,0,0,0,
CELL_01538,0,17359,0,0,0,0,
CELL_01540,0,16208,0,0,0,0,
CELL_01541,0,15424,0,0,0,0,
CELL_01270,0,20249,0,0,0,0,
CELL_01542,0,16176,0,0,0,0,
CELL_01544,0,13134,0,0,0,0,
CELL_01545,0,14183,0,0,0,0,
CELL_00159,0,37176,0,0,0,0,
CELL_01547,0,14697,0,0,0,0,
CELL_01551,0,19210,0,0,0,0,
CELL_01552,0,15409,0,0,0,0,
CELL_01553,0,15865,0,0,0,0,
CELL_01556,0,15440,0,0,0,0,
CELL_01559,0,14065,0,0,0,0,
CELL_01561,0,15365,0,0,0,0,
CELL_01562,0,14906,0,0,0,0,
CELL_01931,0,15111,0,0,0,0,
CELL_01359,0,16284,0,0,0,0,
CELL_01563,0,15045,0,0,0,0,
CELL_00813,0,20313,0,0,0,0,
CELL_01391,0,16230,0,0,0,0,
CELL_01564,0,8198,0,0,0,0,
CELL_01569,0,14703,0,0,0,0,
CELL_01386,0,17265,0,0,0,0,
CELL_01388,0,15986,0,0,0,0,
CELL_01572,0,17225,0,0,0,0,
CELL_02040,0,11563,0,0,0,0,
CELL_01574,0,16586,0,0,0,0,
CELL_01577,0,16133,0,0,0,0,
CELL_01579,0,14438,0,0,0,0,
CELL_00002,0,354491,0,0,0,0,
CELL_01342,0,15942,0,0,0,0,
CELL_01581,0,15551,0,0,0,0,
CELL_01586,0,14960,0,0,0,0,
CELL_01588,0,15764,0,0,0,0,
CELL_01590,0,14814,0,0,0,0,
CELL_01597,0,14106,0,0,0,0,
CELL_01598,0,15540,0,0,0,0,
CELL_01600,0,15208,0,0,0,0,
CELL_01601,0,13952,0,0,0,0,
CELL_01602,0,15157,0,0,0,0,
CELL_01603,0,14718,0,0,0,0,
CELL_01604,0,14348,0,0,0,0,
CELL_01606,0,15515,0,0,0,0,
CELL_00625,0,24256,0,0,0,0,
CELL_01631,0,13682,0,0,0,0,
CELL_01607,0,16254,0,0,0,0,
CELL_01935,0,11158,0,0,0,0,
CELL_01608,0,16578,0,0,0,0,
CELL_01306,0,22918,0,0,0,0,
CELL_01609,0,15876,0,0,0,0,
CELL_01612,0,15265,0,0,0,0,
CELL_00032,0,135074,0,0,0,0,
CELL_01620,0,15913,0,0,0,0,
CELL_01621,0,15767,0,0,0,0,
CELL_00735,0,24639,0,0,0,0,
CELL_00559,0,23211,0,0,0,0,
CELL_01622,0,14802,0,0,0,0,
CELL_01623,0,14404,0,0,0,0,
CELL_01624,0,13464,0,0,0,0,
CELL_00300,0,41801,0,0,0,0,
CELL_01628,0,15548,0,0,0,0,
CELL_01630,0,15221,0,0,0,0,
CELL_01635,0,16144,0,0,0,0,
CELL_00174,0,37505,0,0,0,0,
CELL_01637,0,15859,0,0,0,0,
CELL_01639,0,14217,0,0,0,0,
CELL_01641,0,16318,0,0,0,0,
CELL_01645,0,14190,0,0,0,0,
CELL_01646,0,14193,0,0,0,0,
CELL_01649,0,14265,0,0,0,0,
CELL_01355,0,19350,0,0,0,0,
CELL_01650,0,14455,0,0,0,0,
CELL_01651,0,15170,0,0,0,0,
CELL_01653,0,15581,0,0,0,0,
CELL_01323,0,17708,0,0,0,0,
CELL_01654,0,15952,0,0,0,0,
CELL_00142,0,41323,0,0,0,0,
CELL_01661,0,13707,0,0,0,0,
CELL_01662,0,13888,0,0,0,0,
CELL_01663,0,15160,0,0,0,0,
CELL_01344,0,18216,0,0,0,0,
CELL_01666,0,15693,0,0,0,0,
CELL_00573,0,24338,0,0,0,0,
CELL_01667,0,16897,0,0,0,0,
CELL_01670,0,13381,0,0,0,0,
CELL_01671,0,15690,0,0,0,0,
CELL_00584,0,23393,0,0,0,0,
CELL_01672,0,20389,0,0,0,0,
CELL_00056,0,73271,0,0,0,0,
CELL_01673,0,14904,0,0,0,0,
CELL_01674,0,13792,0,0,0,0,
CELL_01676,0,14637,0,0,0,0,
CELL_01677,0,15824,0,0,0,0,
CELL_01681,0,14813,0,0,0,0,
CELL_01682,0,14892,0,0,0,0,
CELL_01683,0,13549,0,0,0,0,
CELL_01687,0,12980,0,0,0,0,
CELL_01558,0,18067,0,0,0,0,
CELL_01690,0,16605,0,0,0,0,
CELL_01573,0,15480,0,0,0,0,
CELL_01692,0,15278,0,0,0,0,
CELL_01693,0,15505,0,0,0,0,
CELL_00787,0,22578,0,0,0,0,
CELL_01695,0,14568,0,0,0,0,
CELL_00607,0,24221,0,0,0,0,
CELL_00419,0,26338,0,0,0,0,
CELL_01696,0,10703,0,0,0,0,
CELL_01702,0,14958,0,0,0,0,
CELL_01703,0,12795,0,0,0,0,
CELL_01849,0,14623,0,0,0,0,
CELL_01619,0,15680,0,0,0,0,
CELL_01706,0,13583,0,0,0,0,
CELL_01988,0,13047,0,0,0,0,
CELL_01708,0,16237,0,0,0,0,
CELL_00493,0,26744,0,0,0,0,
CELL_01712,0,13659,0,0,0,0,
CELL_01839,0,8781,0,0,0,0,
CELL_01713,0,13184,0,0,0,0,
CELL_01714,0,13003,0,0,0,0,
CELL_01716,0,15653,0,0,0,0,
CELL_01717,0,12966,0,0,0,0,
CELL_01444,0,16823,0,0,0,0,
CELL_01719,0,15044,0,0,0,0,
CELL_00400,0,22148,0,0,0,0,
CELL_01722,0,14967,0,0,0,0,
CELL_01725,0,13921,0,0,0,0,
CELL_01726,0,14451,0,0,0,0,
CELL_01728,0,13119,0,0,0,0,
CELL_01766,0,17039,0,0,0,0,
CELL_00632,0,24374,0,0,0,0,
CELL_00026,0,146974,0,0,0,0,
CELL_01729,0,13145,0,0,0,0,
CELL_01519,0,15805,0,0,0,0,
CELL_00351,0,33569,0,0,0,0,
CELL_01730,0,13008,0,0,0,0,
CELL_01732,0,13267,0,0,0,0,
CELL_01733,0,14789,0,0,0,0,
CELL_01736,0,13469,0,0,0,0,
CELL_01737,0,13530,0,0,0,0,
CELL_00716,0,21954,0,0,0,0,
CELL_01738,0,13832,0,0,0,0,
CELL_01739,0,12925,0,0,0,0,
